#{"t_start": 1776592310.176137, "env_id": "None"}
r,l,t
-797.198567,125,0.039999
-770.851249,232,0.084
-961.667698,189,0.118999
-161.722953,108,0.139001
-1149.167384,190,0.175998
-657.412172,179,0.209999
-572.225151,92,0.227001
-683.901922,129,0.25
-731.407188,120,0.272003
-1031.854759,133,0.296003
-403.437334,172,0.329002
-845.856104,145,0.353999
-74.941446,201,0.388
-63.76951,226,0.426
-980.175262,274,0.472999
-762.776321,207,0.506999
-488.147097,119,0.528001
-528.956295,149,0.554
-1238.966019,189,0.587004
-567.762941,119,0.613
-413.634333,98,0.633
-815.074266,306,0.692999
-277.279762,396,0.763
-596.502583,113,0.783
-914.648275,358,0.849
-785.355788,137,0.872001
-1924.606262,371,0.936999
-983.769991,168,0.964999
291.63047,189,0.996
-503.239459,119,1.016
-358.555638,181,1.048
-214.90143,181,1.078002
-1152.068288,215,1.113999
-545.872406,106,1.131999
-326.74436,92,1.147
-610.282633,156,1.174999
-796.82314,119,1.196003
-1368.487887,220,1.239002
-222.497371,81,1.254003
-261.72782,125,1.275999
-409.920577,89,1.293
-892.599222,130,1.317002
-873.545794,283,1.367999
-987.883799,326,1.424002
-201.443548,105,1.443002
-1259.535883,185,1.479003
-363.179636,186,1.510999
-399.235346,130,1.535002
-808.790656,116,1.556999
-406.026325,112,1.575999
-723.362492,154,1.601999
-984.873579,167,1.630999
-198.930108,95,1.651001
-261.800076,136,1.676003
-231.154729,108,1.696003
-544.281203,89,1.715
-1299.451609,278,1.768
-1370.43179,247,1.811
-1149.730964,240,5.171999
-205.955636,369,7.86172
-774.430012,211,9.408719
-837.248415,182,10.766721
-171.607303,273,12.88272
-593.590194,123,13.852722
-239.693864,141,14.943722
-316.653231,132,15.987722
-418.288268,179,17.31272
-583.128659,251,19.13172
-354.952606,116,19.969718
-288.586192,174,21.214719
-212.103699,132,22.202722
-504.719362,122,23.158721
-509.874689,111,23.974719
-231.174504,192,25.350718
576.006113,203,26.798719
321.274734,117,27.658718
-579.645178,174,28.872719
-19.509087,121,29.713722
-291.102733,92,30.359719
-310.604948,115,31.175719
-171.326128,199,32.589719
-153.178063,239,34.421722
-185.258244,208,36.040721
-434.452357,144,37.163721
-247.655176,154,38.357719
65.508253,146,39.47472
-545.414443,152,40.557719
-701.492422,154,41.647718
-687.860148,146,42.723719
-421.971125,131,43.655718
-860.998363,96,44.35472
-515.520749,107,45.146719
-705.725002,195,46.615718
-698.950274,155,47.791718
-1206.256532,278,49.876722
-773.286786,159,51.058718
202.471347,190,52.434719
-1257.549662,362,55.107729
-574.441424,130,56.049726
-534.993698,93,56.792728
-537.900077,159,58.013726
-295.837175,95,58.753729
246.464956,182,60.145728
-682.683281,120,61.067726
-540.031545,141,62.120726
-412.179103,79,62.694725
-487.996521,131,63.604726
-150.797753,256,65.412726
-1.063057,198,66.827725
-424.711727,89,67.456726
-125.011837,145,68.497729
-549.094397,177,69.792726
-327.526037,267,71.700729
-727.0799,233,73.408726
-220.295386,109,74.164726
-106.054933,153,75.233726
-425.542778,119,76.071726
-970.316126,153,77.131726
-749.456319,197,78.981729
-761.784589,244,80.907729
-338.59661,101,81.722739
-651.475524,182,83.142728
-405.962357,146,84.314729
-262.174502,82,84.943732
-453.848192,106,85.724726
-806.083356,170,86.937726
-393.620476,92,87.606726
-173.257636,167,88.819727
-331.644212,165,90.005727
-266.088907,130,90.991725
-456.709628,104,91.788729
-145.830775,120,92.708738
-326.735429,104,93.495727
-2036.878209,401,96.499726
-1550.670577,396,99.344727
-422.932537,85,99.936726
-388.001943,142,100.948726
-548.619987,108,101.705725
-274.680607,165,102.983729
-341.65846,95,103.722727
-376.221153,84,104.365726
-566.913319,67,104.866729
-953.902273,154,106.077729
-384.768762,81,106.708729
-373.243835,128,107.709729
42.924431,166,108.928726
-282.056879,100,109.640726
123.870716,175,110.866725
-75.107991,173,112.116727
-237.302928,95,112.775726
-278.12087,131,113.745726
172.227001,111,114.577729
-481.213183,103,115.333726
-847.540491,183,116.669727
-635.883636,173,117.983726
-83.794691,137,118.999729
-460.047232,118,119.852727
-793.866341,234,121.572726
190.660072,201,123.033727
-422.582146,144,124.088726
-1323.620691,391,127.10073
-609.75372,183,128.51173
-198.354379,318,130.964729
-2039.173512,330,133.392726
-749.745229,132,134.354726
388.608028,183,135.667726
-1321.754106,224,137.284729
-33.012716,225,138.915725
-231.249479,209,140.402726
-1157.086786,213,141.906726
-1008.403077,175,143.136726
-302.173721,218,144.644729
182.624962,208,146.090726
-674.900656,155,147.174726
-216.29996,184,148.530729
149.999368,185,149.931726
-645.645037,88,150.613729
111.440296,115,151.487729
-138.591821,383,154.929726
-137.147094,237,156.629727
-940.202016,283,158.675726
-474.450266,223,160.374726
-854.931242,225,162.074727
-314.281941,133,163.087726
434.137064,292,165.283726
-382.840103,125,166.192726
-886.619444,319,168.538726
-712.441279,135,169.530727
-89.042889,150,170.631729
-614.688401,151,171.817729
93.549828,245,173.742728
16.751287,220,175.452729
-443.140453,143,176.542726
-191.870652,106,177.323726
-376.791008,125,178.203726
153.649144,194,179.574726
-958.220384,337,182.005728
-618.73647,192,183.421726
-336.882375,157,184.544731
-284.249491,107,185.332727
-277.652413,168,186.570729
-337.595447,136,187.581726
-1277.958655,313,189.786727
-299.153127,234,191.422726
120.463838,157,192.585726
-1215.532801,235,194.342728
892.402972,500,198.235729
-269.318244,141,199.355729
-102.48594,135,200.327727
25.643952,104,201.069726
-184.83465,231,202.755726
-688.090061,191,204.150727
-464.696954,110,204.937731
-89.916139,206,206.499726
-357.382051,154,207.641726
-320.649149,138,208.689729
-622.811411,162,209.905726
-394.897709,135,210.924726
127.126899,225,212.495727
-801.697858,161,213.642725
-221.060557,137,214.597726
-747.460625,269,216.491729
-280.056982,161,217.697729
-945.094537,201,219.228728
-18.58142,130,220.218729
-687.283718,191,221.68373
-176.89828,162,222.855932
-417.457669,135,223.806932
-371.238752,141,224.795932
45.616668,302,227.230932
-256.571531,99,227.935933
-397.589546,125,228.821933
-1044.802269,178,230.126933
-607.123066,121,231.068933
-139.769805,183,232.427934
-533.567649,140,233.495934
-182.930789,122,234.404932
-713.718587,211,235.933933
-1192.811056,254,237.769933
696.979633,274,239.845933
-4.133352,115,240.732933
-317.622793,115,241.644932
-440.7141,209,243.261933
-998.482048,216,244.959932
-57.295241,162,246.158932
-142.396022,142,247.166933
-461.124478,86,247.798933
-577.186199,145,248.830932
-547.836172,210,250.334932
-294.276513,94,251.013932
-490.52323,128,251.987932
-253.765956,109,252.778933
-448.678366,87,253.426933
-132.566524,201,254.901932
-306.868622,104,255.681934
-1061.278668,175,256.963933
-759.886835,150,258.030932
-98.002668,218,259.546933
-82.24796,134,260.494932
-68.734235,123,261.340932
-168.818486,159,262.518933
-483.671712,143,263.634933
-1352.689192,278,265.791933
-1028.032821,193,267.303933
-608.658556,150,268.423933
-450.96564,106,269.205933
-453.872195,203,270.658932
-710.946224,118,271.526932
-242.123042,164,272.710932
652.805718,228,274.399932
-348.463522,100,275.142937
-425.52053,110,275.950933
-347.843038,158,277.166934
-472.600843,237,278.954935
-709.580927,199,280.429933
282.013801,146,281.485933
-319.442335,153,282.618932
-611.07162,97,283.323933
-136.805148,130,284.265933
-594.550443,141,285.317933
-143.551361,158,286.506932
-626.849129,132,287.511933
-320.622769,118,288.411933
-335.878615,123,289.324933
-160.991506,98,290.090933
-418.895412,77,290.669933
-63.107091,115,291.529933
-2537.899244,500,295.066932
275.747239,121,295.910933
-587.6861,91,296.553932
-105.84468,117,297.389933
-1094.953059,244,299.150933
-465.401547,97,299.843932
-7.385659,125,302.385932
-1688.816089,393,305.121933
-218.537303,121,305.972933
-774.261682,136,306.963933
-30.786491,116,307.856932
-516.86298,117,308.766934
-71.398227,155,309.993932
-376.045075,133,311.033932
-629.769839,113,311.947933
3.270802,120,312.884933
-236.944302,71,313.426933
-2190.755526,358,316.039933
-331.257728,95,316.734934
-716.282494,123,317.600933
-675.076348,115,318.431932
-259.13679,82,319.044932
-465.81518,193,320.506933
-464.829032,97,321.234932
-703.804348,133,322.251933
-671.491834,197,323.784934
-651.415506,278,325.846932
-153.880728,104,326.574933
18.206704,278,328.529932
-2117.822499,448,331.795933
-709.697593,178,333.153933
266.843809,154,334.380933
-691.084646,146,335.501933
-460.403829,207,337.066932
-148.182256,110,337.836933
-76.278366,103,338.575933
-1212.806674,202,340.024932
203.328757,111,340.789932
-568.265772,77,341.354933
-655.083399,132,342.307932
-549.794884,165,343.504932
51.908985,134,344.494932
-488.955578,369,347.269933
-435.10225,127,348.184933
-475.071863,111,349.001935
-506.830634,220,350.608934
-1413.690433,373,353.329932
-1155.04905,317,355.809302
-1311.417938,219,357.470303
-495.919253,210,359.107116
-12.568826,105,359.88882
21.13463,142,360.936819
-890.560212,251,362.73872
-203.157493,92,363.397721
-3504.82491,500,366.95472
-2081.752986,500,370.563721
-887.186134,187,371.87872
-1118.233312,178,373.13472
-575.164033,428,376.57872
-788.162024,154,377.72472
-867.329758,192,379.172724
-63.453789,160,380.396721
-640.377958,131,381.42472
-329.314606,200,382.92972
-433.212113,111,383.739722
157.727006,168,384.959721
-1071.394035,200,386.40772
-257.82605,198,387.836721
-663.806942,115,388.71272
-237.099187,104,389.49672
-691.646278,149,390.639721
-1379.708138,187,392.06472
-788.137971,135,393.09972
-423.975852,95,393.790721
-2132.093883,500,397.456748
-1008.906673,217,399.064749
-1509.972782,313,401.49175
360.856651,180,402.889749
-689.782976,173,404.231748
-65.582973,104,405.034748
-271.918336,83,405.652749
-378.267599,104,406.39481
-171.433189,244,408.126926
-135.104318,121,408.978969
-236.238739,124,409.857021
-277.801278,79,410.425052
-1223.289352,246,412.219642
-607.98008,143,413.291642
-387.499095,85,413.895642
-66.630199,90,414.566642
-945.125458,280,416.591642
-442.049903,97,417.265641
92.778319,168,418.448642
-1281.837462,240,420.189642
23.787381,355,422.836642
-1115.977734,240,424.684642
-751.679861,200,426.248642
-1411.4884,285,428.437642
-119.46353,180,429.738642
-1206.76912,182,431.069642
91.62879,140,432.084643
-334.616226,145,433.125642
-1227.053316,242,434.9085
-484.696089,79,435.5135
-246.161675,90,436.1955
-197.853447,173,437.4885
-780.75204,173,438.7745
-977.377719,201,440.190501
21.546968,92,440.8345
-434.372727,99,441.5345
-994.545452,128,442.4255
-1732.611864,259,444.250501
-829.774582,217,445.8505
-901.162626,201,447.395502
-801.14122,223,449.062502
-1330.339911,264,451.4675
3.826721,174,452.7175
-772.1219,248,454.4865
-622.147512,140,455.474499
-382.445319,93,456.1305
-644.183829,138,457.149503
-801.466681,145,458.2665
-829.239293,206,459.846499
88.137616,105,460.6445
-575.331437,114,461.522502
-35.47963,332,463.972501
-1560.725559,265,465.9055
-664.487937,185,467.2515
-194.652744,103,468.047503
-467.816821,112,468.934502
-958.037111,364,471.7935
-111.431709,170,473.149503
-539.224783,94,473.875503
-1073.447379,188,475.2515
-381.339656,305,477.429501
-129.77783,221,479.026501
-847.132815,171,480.2345
-330.744112,124,481.147501
-214.989912,136,482.155502
-293.549115,163,483.367503
-1296.165283,300,485.564502
-2107.512638,337,487.9425
-531.978531,134,488.8975
-834.062959,103,489.624501
-1140.967451,302,491.871503
-1873.059393,382,494.855501
-451.706567,109,495.696503
-667.550548,117,496.5985
-180.620176,99,497.335501
-788.461676,171,498.5905
-1565.844067,476,502.0745
-337.287138,152,503.2165
-330.451086,160,504.4345
-497.81057,95,505.1325
-198.998518,86,505.789504
-2330.301982,500,509.5165
-1394.457316,255,511.3985
-723.043241,244,513.1895
-704.992383,170,514.440503
-562.582185,205,516.030513
-929.130425,241,517.907513
-1459.360753,261,519.880512
-969.21286,257,521.698516
-651.838058,87,522.318513
-1903.357617,340,526.070516
-392.761245,128,526.998513
-710.029804,151,528.082512
-928.889704,166,529.291513
-244.617042,96,529.982515
-682.65016,163,531.151513
-1088.562698,243,532.858513
-185.839652,113,533.680512
227.978228,202,535.149513
-542.937061,340,537.756516
-1722.402806,432,541.156515
-318.959498,95,541.910515
-773.748885,139,542.966513
-286.880203,228,544.613513
-1044.970687,208,546.117512
-928.983178,220,547.702513
-373.058175,122,548.619513
-488.276599,121,549.558513
-751.491129,143,550.631514
-566.256107,76,551.214513
-479.842326,164,552.461513
-119.264579,338,554.911512
-837.051158,143,555.926512
-566.63482,165,557.084512
-428.427696,140,558.075512
-907.490872,357,560.737516
-1058.493404,168,562.057516
-152.925939,103,562.874515
-1186.161109,227,564.658516
-153.446144,80,565.290512
-2934.893135,500,568.888512
-436.563615,70,569.374513
-361.727858,228,571.008513
-357.914429,88,571.667512
-824.771028,107,572.491516
-865.219501,136,573.528512
-381.80658,138,574.542516
-248.843199,193,576.020513
-413.630557,242,577.805513
-801.194316,185,579.162513
-522.126666,95,579.867513
-1593.713958,219,581.488513
-2718.748099,500,585.373515
-693.833999,138,586.432516
-1186.096202,129,587.442515
-1161.161436,130,588.452516
-1095.924947,203,589.949513
-309.459508,95,590.638516
-823.913503,101,591.348512
-983.625121,194,592.717513
-335.792938,90,593.369513
-351.222527,85,593.965513
-396.008051,106,594.770513
-251.828432,95,595.432515
-724.139527,87,596.058513
-1655.457958,212,597.564512
-307.660124,150,598.640515
-692.171399,185,600.467513
-475.667506,81,601.027513
-733.336763,108,601.785512
-1028.53243,500,605.349513
953.232308,364,608.092514
-123.102599,200,609.662512
122.641164,91,610.374516
-150.182967,101,611.153512
-643.723716,94,611.852513
-1186.492836,158,612.982513
-100.853029,205,614.461514
-372.260003,147,615.535513
-1636.083963,274,617.615512
-322.616509,131,618.598513
-1271.338829,304,620.920515
-814.606609,234,622.708513
-445.502389,74,623.237513
-2695.123712,500,626.923512
-459.907485,71,627.453515
-506.9251,77,627.990512
-132.190731,96,628.719515
-382.190946,242,630.625515
-164.478379,107,631.464516
269.912892,244,633.374515
-174.038683,114,634.239516
-763.869556,121,635.101513
-246.92532,106,635.875513
-85.65286,355,638.422539
-544.697534,97,639.113541
-614.986304,115,639.946539
617.879693,152,641.067542
-347.074432,102,641.803539
-448.395895,100,642.551542
411.736667,135,643.542542
-1224.065191,155,644.684543
-386.869884,135,645.64254
-318.40421,87,646.25754
-2744.408922,500,649.95954
-876.874557,216,651.580549
-640.424134,130,652.607539
-623.480951,75,653.174539
-702.040814,129,654.213539
-2631.536897,500,658.074599
-175.910076,117,658.922598
-426.887242,138,659.914599
-49.578451,109,660.7366
-305.003807,172,661.990599
-2858.441132,500,665.716602
-439.147073,320,668.017603
689.727493,274,669.930599
135.819447,142,670.9376
-761.070564,265,672.788599
-878.686359,270,675.2636
140.172232,181,676.666602
-253.504785,247,678.531602
-114.777664,81,679.180602
-105.70473,216,680.746599
-3164.593777,500,684.306598
-1727.490224,500,688.113603
-209.505007,157,689.306603
-2225.285942,500,693.062599
256.248053,134,694.028599
-926.368256,162,695.2196
-1863.225231,341,697.791602
-818.6512,172,699.157601
-236.31954,143,700.287599
75.888847,244,702.215599
-594.319987,198,703.697599
-1159.416697,245,705.474599
-513.467908,224,707.073599
-898.845071,192,708.453602
-2319.306093,299,710.634599
-451.250026,102,711.406598
176.187711,98,712.1286
-2691.950975,500,715.788599
-419.544914,146,716.826598
-509.017394,88,717.451598
-188.482611,109,718.2046
351.049995,115,719.0086
-817.69265,226,720.702599
-728.558895,500,724.586599
-154.946417,97,725.362602
-561.42594,87,726.0076
-392.043516,185,727.3716
-672.385782,166,728.563599
-337.599333,364,731.212599
-901.906532,168,732.481602
-362.004791,109,733.290599
-2321.01494,500,737.062602
-648.026649,206,738.5966
-423.4084,75,739.153599
-2038.865398,500,742.755601
-337.052818,173,744.055598
-957.971384,149,745.185603
-886.692463,219,746.854599
-912.787099,401,750.317598
-2874.710821,500,753.884599
-97.214282,88,754.517601
-1477.971618,223,756.121602
-1387.56238,298,758.241602
-541.19781,500,761.910599
-20.987692,117,762.790598
-566.552674,154,763.9066
-852.175132,131,764.876598
-2238.788082,500,768.808599
-2263.885194,500,772.669598
-110.488133,103,773.420598
-114.868531,116,774.261598
-53.909101,127,775.1666
-3636.843202,500,778.901601
-264.885173,140,779.932602
-97.887681,164,781.153602
-210.264606,131,782.134599
-519.727563,74,782.689888
-457.86823,389,785.425888
116.787147,123,786.297892
-218.200285,111,787.060889
-1941.626793,500,790.832889
-824.588729,285,793.088889
-207.49308,185,794.535889
-443.972734,141,795.539892
-133.457054,70,796.050892
-310.135828,80,796.618891
-1635.376459,500,800.262324
-2462.791085,500,804.042324
77.563943,177,805.373325
-1633.459093,310,807.656737
-613.853386,170,808.93095
-1835.778895,478,812.503952
-465.639863,117,813.445952
133.891739,264,815.506951
-1340.301862,287,817.700951
-1839.983118,500,821.272951
-2768.86048,500,825.710704
139.29049,138,826.697704
40.291784,135,827.658761
-687.992062,181,828.931761
-264.982072,69,829.406761
-1805.644225,441,832.496678
-1664.564302,241,834.241678
-1794.70254,500,838.179999
-2178.155077,500,841.975085
-311.789303,161,843.133082
-2353.131867,500,846.818428
-349.535995,356,849.543426
-612.508703,159,850.761426
-2801.521709,500,854.451429
-206.065304,96,855.134427
-81.98146,336,857.564426
-1088.200473,184,859.019427
-1282.804716,235,860.852427
-2135.844079,453,864.32343
-505.88538,88,864.949429
-140.776348,77,865.489429
-1039.024951,419,868.496427
-2646.887975,500,872.193428
-729.234748,125,873.113426
-556.576926,184,874.478427
-314.897708,106,875.254427
-2739.928968,500,878.959426
-1611.878784,298,881.221426
-2314.347431,500,885.152426
-129.705315,82,885.783427
-2528.784387,415,888.863428
-390.256654,176,890.14743
-468.337815,80,890.72943
-874.267736,195,892.161427
-2774.178265,500,895.838427
-1102.360917,200,897.294427
-603.685933,133,898.224426
-1327.280095,352,901.233427
-704.486487,130,902.161426
-2421.057339,500,905.950427
-483.23639,148,907.083427
-669.159969,251,908.993426
-2310.248498,500,912.588426
-2112.548384,448,915.924426
-538.705114,76,916.502427
200.036965,136,917.545428
-1899.35233,308,919.907427
-1878.074026,351,922.508426
-431.777397,88,923.152426
-2594.028233,500,926.880426
-348.426531,99,927.673426
-32.052332,178,929.076427
-775.313925,179,930.496427
-866.761444,156,931.732427
-1143.296053,139,932.791427
-446.085457,100,933.510427
-1300.947455,500,937.086426
-1431.589046,200,938.581426
-485.048138,98,939.277428
-992.17279,150,940.391426
-444.748639,72,940.916426
-1285.131573,176,942.235426
-494.307534,95,942.956426
-175.711003,232,944.613426
-409.354022,114,945.400426
-459.494117,96,946.075426
-466.816248,100,946.778427
-760.901399,140,947.765427
-363.107815,142,948.779428
-136.752955,202,950.313426
-1583.17361,352,953.065428
-851.572004,178,954.478427
-2951.66385,500,958.188447
-530.616366,100,958.921447
-683.076085,84,959.533448
-214.519888,158,960.671447
-320.139361,126,961.627447
-615.040409,121,962.532448
-2472.20165,469,966.046447
-146.938819,127,966.998448
-674.765253,140,968.030447
-342.617096,110,968.819447
-1021.25833,235,970.468446
45.501955,211,971.960447
-730.391747,209,973.569447
-723.732562,201,975.565448
-355.369942,88,976.246447
-434.224481,80,976.856447
-206.614617,145,977.995448
-806.181603,237,979.675449
-2338.785771,500,983.236448
-551.963733,97,983.924447
-587.137205,92,984.585447
-1512.173859,243,986.333447
-454.931066,67,986.812449
-571.015305,140,987.868448
-551.96574,121,988.775447
217.429846,136,989.786447
-2532.355831,500,993.462447
-2707.408079,419,996.712448
-441.193621,59,997.162448
-568.534882,183,998.624447
-400.437137,154,999.864452
-1739.743926,500,1003.601448
-511.993368,77,1004.155449
-531.529984,83,1004.765447
387.996363,121,1005.636449
-144.509891,142,1006.656447
-964.879857,273,1008.702447
-2994.664792,500,1012.403449
-3001.077438,500,1015.962448
-458.976859,119,1016.780447
-2932.842582,500,1020.633447
-474.674259,74,1021.228448
-339.542216,126,1022.202447
-649.28478,144,1023.322448
-386.87705,104,1024.126449
-696.578035,172,1025.35545
51.849803,185,1026.723447
-824.790248,219,1028.302447
-833.996897,151,1029.414447
-1127.220204,211,1031.003448
-44.347791,225,1032.710447
-1221.125851,171,1034.007447
-912.531113,180,1035.355449
-307.519721,85,1035.96745
-248.493598,250,1037.819451
-1595.103843,425,1040.945447
255.724139,138,1042.011447
-468.059556,84,1042.662447
-352.378959,126,1043.661448
-444.222571,97,1044.407448
-1735.582101,500,1048.149447
-494.414484,85,1048.746448
-288.867346,96,1049.862448
-453.253083,135,1050.825449
-339.67257,98,1051.532448
-560.028577,138,1052.492448
-378.944693,114,1053.338447
-638.848984,138,1054.309449
-699.424527,255,1056.128447
-909.367141,191,1057.515448
-652.581886,99,1058.193448
93.302187,213,1059.702447
-598.877527,208,1061.157447
-217.923911,128,1062.054447
-338.440345,149,1063.124448
-442.978025,96,1063.861447
-447.143808,101,1064.648453
-565.510896,233,1066.473447
-701.880559,123,1067.455447
-374.107795,93,1068.180448
-352.563674,159,1069.445448
-705.71794,163,1070.654448
-360.598065,175,1071.932448
-1908.277596,500,1075.586447
-613.73826,145,1076.685447
-1920.910966,244,1078.531447
-754.776085,195,1080.020447
-1061.962444,215,1081.625448
-679.773437,139,1082.618447
64.77009,105,1083.348448
-1534.813972,363,1085.916447
-1764.932649,500,1089.743448
-791.471158,223,1091.497448
-632.244458,139,1092.585447
-588.049583,157,1093.715447
-1156.923565,221,1095.284447
-446.933091,411,1098.237447
-1635.017859,429,1101.408448
-2012.278072,500,1105.142447
-678.234842,192,1106.552449
-466.446862,142,1107.605447
806.580531,352,1110.223448
-480.438589,182,1111.650447
-1567.116559,311,1114.102448
-751.223427,123,1115.057448
369.950678,184,1116.46596
-413.850946,123,1117.341961
-763.462626,99,1118.073959
-476.010239,109,1118.858961
-659.670965,182,1120.183958
-12.557283,163,1121.345958
-534.938067,115,1122.173959
-2547.981134,374,1125.681533
-3214.421427,500,1129.240532
-2818.971403,402,1132.050533
-333.518216,147,1133.165534
148.487096,185,1134.576534
-52.868681,203,1136.119534
-2561.699131,500,1139.860533
-469.535662,163,1141.049536
225.152163,147,1142.119535
-214.728049,130,1143.051533
-353.790667,153,1144.190534
-240.433652,108,1145.023533
-2237.941704,500,1148.828533
-107.077955,138,1149.879533
-30.781883,235,1151.579535
-353.588403,140,1152.606533
-340.091455,107,1153.368533
-251.980124,96,1154.068534
-560.819835,437,1157.449534
-2554.717482,500,1161.355534
-324.857823,102,1162.079534
-947.071262,397,1164.908535
135.853167,174,1166.162536
-1222.398241,302,1168.352533
-846.994635,132,1169.331534
-321.031921,111,1170.145534
-194.263096,113,1170.963533
-408.848389,146,1172.062533
-139.70943,203,1173.535534
-1619.060241,335,1175.875533
-3101.071313,500,1179.670534
-283.153932,122,1180.635534
-172.891711,164,1181.910533
400.070505,304,1184.281533
-449.133081,171,1185.535278
-1069.837733,198,1186.964278
-243.46646,95,1187.653278
-70.354501,202,1189.114281
-755.368749,194,1190.568305
-2598.685685,500,1194.348305
-495.556139,196,1195.800303
-711.241841,314,1197.995303
232.317922,223,1201.494306
-1720.574484,303,1203.828139
-328.088206,119,1204.754139
-1074.643862,283,1206.902138
385.234343,208,1208.387142
-2949.122659,500,1211.95814
-2185.276417,500,1215.536139
154.064457,174,1216.886139
454.226545,148,1218.013139
-61.910101,365,1220.674139
434.764872,197,1222.110141
-62.991026,153,1223.250139
-385.010962,112,1224.13314
341.196436,223,1225.881139
-1213.909431,407,1229.11114
-1370.355808,260,1231.04597
-276.220547,139,1232.057971
-934.881572,194,1233.445968
-1014.401546,220,1235.041969
-274.133224,176,1236.345974
-353.5409,102,1237.116974
-849.615126,422,1240.262047
-94.207966,272,1242.226443
-303.230957,169,1243.42844
170.297139,146,1244.44644
-1538.488021,500,1248.129826
-820.915475,227,1249.892826
-1469.38277,342,1252.526825
-653.689052,89,1253.191825
-721.420953,273,1255.154847
-705.103104,137,1256.148848
-386.553395,224,1257.786848
-1709.525172,252,1259.666851
-598.060926,143,1260.764847
-2631.765823,462,1264.247848
-664.681436,144,1265.306848
-873.113152,239,1267.071848
-414.60086,71,1267.601849
-758.370218,140,1268.637847
-733.287272,162,1269.834852
-237.404819,109,1270.702849
-1467.368932,369,1273.561847
-1381.723058,211,1276.112847
-1169.561707,395,1278.897847
-1706.898652,302,1281.072851
-547.418184,160,1282.216856
-2658.094976,500,1285.826851
-128.503106,165,1286.989847
-615.736855,147,1288.027847
-40.402075,258,1289.823848
-658.154765,500,1293.512849
-2300.553842,500,1297.445848
-632.874118,189,1298.896849
15.601288,255,1300.727847
-99.492688,126,1301.656848
-485.040033,103,1302.412849
-2398.243175,332,1304.891848
-751.218679,219,1306.538847
-2546.063746,500,1310.345848
-329.569802,111,1311.160847
-2268.519336,500,1314.696655
-1664.915135,500,1318.572658
92.599476,186,1320.040655
-316.807395,127,1320.980655
-1263.173281,349,1323.529655
-639.503223,185,1324.839655
-716.714487,210,1326.338655
-991.538405,242,1328.139656
-532.98809,138,1329.142655
-56.830958,283,1331.319655
-1724.413502,259,1333.268655
-1530.605439,315,1335.587655
-1443.104718,350,1338.152656
-1831.984367,313,1340.572655
-1532.901576,337,1343.219658
301.120824,307,1345.528656
280.932106,225,1347.183655
-92.424066,230,1348.850656
-969.627361,291,1352.012658
68.689429,183,1353.336658
-1413.182911,205,1354.807658
-326.703212,68,1355.297655
-89.348538,158,1356.396656
-319.411271,337,1358.784658
-240.2024,143,1359.770656
-94.660563,142,1360.789658
-1652.717048,358,1363.503659
-575.326009,500,1367.298656
-352.967243,80,1367.870655
-328.13978,92,1368.536656
-466.806343,96,1369.231655
-565.256795,104,1369.981656
-76.679053,124,1370.878656
-655.768122,361,1373.573658
-3008.012392,500,1377.400656
-408.30117,117,1378.288655
-316.148335,88,1378.937656
-213.138023,85,1379.555655
-351.096937,80,1380.137655
-462.292569,143,1381.193655
-1057.796284,147,1382.280655
-729.882096,108,1383.072685
-506.299696,98,1383.784682
-415.816266,103,1384.604682
-2477.420961,500,1388.534683
-1482.769218,269,1390.576683
-2990.145039,500,1394.163682
585.727568,309,1396.406684
-2788.549312,500,1400.120683
-1534.491146,296,1402.228682
-302.828012,250,1403.996685
-953.612388,288,1406.040683
-426.41274,203,1407.608682
24.908948,133,1408.643682
-326.052076,195,1410.185683
-331.037741,143,1411.291682
-230.884635,273,1413.403682
-1298.8779,319,1415.714683
-757.606072,308,1417.982683
-1197.071664,257,1419.937683
333.59304,180,1421.294684
-544.495388,126,1422.229686
-1153.98887,273,1424.281686
-2563.731921,500,1429.645683
-2922.493008,500,1433.484683
-457.691125,174,1434.800682
-33.004724,100,1435.537686
-298.874347,146,1436.595685
-947.016159,212,1438.106686
-286.715675,121,1438.984683
-325.386769,280,1440.998683
-9.98052,194,1442.391683
-967.601476,165,1443.566683
-2872.190221,500,1447.268683
124.388175,196,1448.686684
-257.814129,157,1449.852682
-487.349984,85,1450.466683
-360.361117,329,1452.949561
-1625.647774,500,1456.89756
-114.811319,200,1458.435558
-276.932634,326,1460.820559
-1142.856283,357,1463.408558
-726.409309,121,1464.328561
-344.093035,106,1465.125557
-720.680875,240,1466.885561
-265.623181,103,1467.623558
-369.598136,122,1468.527558
105.776898,188,1469.888564
-944.854364,333,1472.240559
-2692.909948,439,1475.430562
-601.375189,172,1476.788561
-110.594995,111,1477.682559
-1077.443335,284,1479.894558
-189.792522,134,1480.925559
-1703.843112,415,1483.924558
171.054893,455,1487.275561
-431.738757,135,1488.275558
-1322.323866,338,1490.845558
-2081.584984,457,1494.235558
-699.677711,358,1496.884558
-161.838004,314,1499.274558
-914.138737,211,1502.916558
-2492.206463,500,1506.528558
-774.346827,191,1507.901558
-544.278885,103,1508.611563
-1271.631725,458,1511.936559
-601.8906,137,1512.902558
-379.975168,90,1513.578561
-1866.175807,500,1517.117558
-723.712631,179,1518.358559
616.83677,223,1519.948572
-258.074185,138,1521.007558
-617.644909,239,1522.820558
-560.682718,173,1524.20256
-582.966329,115,1525.092561
-289.057724,219,1526.761559
-300.399291,105,1527.520558
-485.891163,193,1528.941558
-1307.203562,500,1532.640559
342.688866,325,1535.124557
-2112.01956,500,1538.89256
-454.478876,98,1539.589557
288.374306,437,1542.745558
-266.282916,139,1543.791561
-449.000502,101,1544.592557
-367.823056,122,1545.518558
-2641.479965,500,1549.373559
-1429.766502,500,1552.964559
-2270.303084,500,1556.631512
-734.864425,163,1557.855512
-214.146861,397,1560.75451
0.927519,347,1563.318509
-2868.643956,500,1567.068509
-750.155364,278,1569.219512
-475.834487,283,1571.43251
-518.058047,84,1572.084509
-211.844156,122,1572.985509
-347.867858,137,1573.98351
-275.014073,215,1575.565509
-1975.362265,348,1580.00751
-2814.517588,500,1583.640509
-630.587006,215,1585.127512
188.590572,238,1586.810511
-295.103023,108,1587.57251
-2817.096696,500,1591.351508
-2715.879932,500,1595.13351
-1035.32179,254,1596.92151
-507.458912,86,1597.546509
668.533298,161,1598.682511
-1343.100836,324,1601.104509
-1422.972519,183,1602.518508
-3051.072981,500,1606.333512
78.303893,160,1607.50851
-277.518394,185,1608.858512
-490.311976,104,1609.62351
-413.432218,140,1610.65351
-340.63268,135,1611.683512
132.26118,152,1612.875509
-568.755863,148,1614.034509
-81.051253,178,1615.42651
-520.143342,139,1616.527512
166.941845,121,1617.47951
-400.725392,110,1618.29251
-380.441211,121,1619.162509
-398.72407,135,1620.13151
28.452994,163,1621.30151
-2662.979129,500,1624.973509
-1264.311617,227,1626.621521
-1409.847985,332,1629.032511
-107.814216,273,1630.987509
-520.164047,76,1631.521509
-516.711832,96,1632.202509
-359.832517,192,1633.55551
-662.730939,156,1634.711513
-541.374332,143,1635.802509
-717.500053,195,1637.33551
-686.510112,260,1639.362513
-526.724302,125,1640.326509
-373.261357,70,1640.84951
-324.935376,99,1641.57951
-684.583774,146,1642.62851
371.198584,242,1644.413509
-621.120771,90,1645.053509
54.050658,278,1647.145512
-421.267602,290,1649.32251
-774.813161,238,1651.118512
-556.422286,322,1654.054511
-1250.778751,229,1655.729509
-390.282226,141,1656.776509
-1374.916383,213,1658.376509
-331.996155,133,1659.404513
-541.637511,91,1660.127513
-1558.553251,500,1663.887509
-445.468045,128,1664.79651
-1787.447001,500,1668.363511
-715.209318,172,1669.61251
-83.080852,107,1670.409509
-1936.723843,500,1673.983509
-777.564692,241,1675.708542
-2470.263283,500,1679.367569
-627.790915,112,1680.217569
27.126427,160,1681.460571
-492.488161,115,1682.374569
-636.251461,174,1683.728569
-2820.915881,444,1687.108569
-80.177504,148,1688.180569
-58.046833,230,1689.854569
-1062.664519,264,1691.792571
448.4852,247,1693.661569
-2039.273225,500,1697.384569
-44.692201,162,1698.534569
-1481.696756,354,1701.010041
-641.810553,500,1704.755041
-174.630152,241,1706.662041
98.200361,125,1707.628042
-157.316488,272,1709.677042
-1590.590653,347,1712.159041
-340.902692,91,1712.786041
-410.675848,188,1714.147041
-331.062501,397,1717.157041
117.178057,153,1718.295041
-454.299041,133,1719.285041
-2407.745813,500,1723.000041
352.353579,154,1724.141041
-1857.580536,500,1728.706041
-1453.761884,203,1730.272044
-790.834271,113,1731.179041
-1360.443839,224,1732.847041
60.144427,335,1735.210042
-364.569612,97,1735.918041
-394.020608,101,1736.628041
-1173.900112,289,1738.685041
-2824.052036,500,1742.338041
-555.286743,274,1744.291041
-1169.295059,314,1746.481098
-331.493339,128,1747.378154
-1644.293591,500,1751.136988
554.317136,163,1752.432986
-1742.209232,221,1754.160986
-427.726306,151,1755.283986
-180.206964,121,1756.158988
-494.392832,294,1758.306986
-3880.298223,476,1761.876986
-1045.543785,273,1763.955986
-1242.723015,401,1766.949986
-1176.239344,306,1769.201986
-1266.60165,202,1770.654986
-1303.284689,294,1772.895987
-586.034306,155,1774.082986
-1289.424859,295,1776.370986
-352.358742,170,1777.697986
-412.828242,195,1779.068986
-1661.279304,319,1781.347987
-122.910679,337,1783.779986
-566.646945,154,1784.950987
-880.08652,302,1787.182986
-769.753061,125,1788.108986
352.705972,158,1789.234986
-1135.468857,169,1790.466986
-560.695586,162,1791.674986
-592.471932,500,1795.388735
-2442.289276,500,1799.292966
-31.140579,162,1800.534966
-2884.339847,478,1805.212967
-564.259559,225,1806.876966
-2274.414653,500,1810.588973
-1008.031004,205,1812.038966
-559.570292,311,1814.220966
-1846.312104,305,1816.353966
-289.727046,143,1817.385966
-807.703978,272,1819.483966
-2032.331824,500,1823.271967
-239.169492,133,1824.210966
-1440.359039,210,1825.705966
-254.194888,113,1826.498966
-402.021548,209,1827.981967
-2549.152668,500,1831.782966
-557.203118,215,1833.432966
-549.139376,166,1834.689966
-1031.512675,166,1835.894967
-601.739279,130,1836.857966
-2251.238466,281,1838.908966
206.737049,247,1840.776967
-319.101717,200,1842.341966
-254.1093,148,1843.509966
-525.481691,168,1844.826966
-792.494471,248,1846.742968
-376.284733,120,1847.606966
-446.318433,108,1848.373966
417.779392,137,1849.345966
-2016.250992,457,1852.640966
-2277.376605,373,1855.393549
-208.171693,134,1856.371549
-2438.91037,500,1859.930549
-735.120566,154,1860.996549
-482.910044,208,1862.462551
82.00916,171,1863.759549
-528.24248,109,1864.61355
-2668.799888,500,1868.511551
-148.282128,172,1869.801551
-307.881723,219,1871.39455
-187.04559,148,1872.476551
54.085749,294,1874.626549
-170.739841,137,1875.652549
-305.969169,140,1876.70255
-708.89174,170,1879.300549
-384.956545,157,1880.494551
-729.281535,311,1882.764549
-2117.642438,403,1885.736549
-458.870462,182,1887.15055
-979.140755,180,1888.502549
-565.90603,105,1889.29655
-405.519034,126,1890.221549
-721.361743,172,1891.547549
-1833.011528,341,1893.998549
-80.009556,369,1896.61658
-671.358095,146,1897.659581
-1093.650982,420,1900.694582
-229.559992,168,1901.93758
-762.105118,310,1904.17958
-389.205555,163,1905.37458
-597.168574,139,1906.37158
-147.112574,152,1907.473581
161.41662,158,1908.672581
-475.659182,323,1911.19258
-721.435876,310,1913.62658
-523.741479,179,1915.00058
-7.957567,178,1916.28258
-2077.512399,500,1919.91058
-3079.60071,478,1923.60359
-410.695787,272,1925.613581
-662.680732,112,1926.41358
-625.021427,168,1927.594581
-127.251735,116,1928.41658
-1183.716009,471,1931.79658
-465.505087,139,1932.84858
-470.99723,205,1934.45458
-1471.110814,273,1936.57858
-613.304664,91,1937.30158
-348.62359,295,1939.40458
-1316.804841,221,1941.00158
-288.92443,260,1942.86658
-1639.608405,374,1945.65858
-523.406721,255,1947.59058
-665.696302,263,1949.55158
-651.997592,453,1953.62858
-1107.972574,228,1955.39058
-2669.490878,500,1959.316581
-921.612638,186,1960.71558
-612.045657,203,1962.204581
-1316.924046,500,1965.77158
-120.924693,172,1967.011581
-1722.716482,367,1969.67958
-295.22425,144,1970.716581
-567.056634,246,1972.451581
-214.656266,124,1973.31658
-547.286512,106,1974.06658
-638.322937,102,1974.76558
-513.490971,111,1975.55058
-183.095662,136,1976.500581
-382.344986,103,1977.27058
-2329.469838,500,1981.14358
-20.826451,283,1983.34558
-401.834817,93,1984.01258
-366.486216,146,1985.051581
399.622543,190,1986.435611
-390.120608,225,1988.05261
-1028.356869,207,1989.63061
379.473675,256,1991.607611
-1343.552056,290,1993.813611
-904.505968,222,1995.461062
-293.383086,201,1996.929063
-112.850347,155,1998.078062
-450.135146,195,1999.516062
-736.645915,276,2001.626065
-424.40914,114,2002.499064
132.034141,164,2003.775065
-870.273473,135,2004.832064
-647.849392,180,2006.251062
-634.654261,114,2007.057063
-319.840689,333,2009.468062
-1109.959341,321,2011.761062
-2867.918079,476,2015.245065
-437.902566,182,2016.573068
-413.513389,102,2017.348063
-238.564155,98,2018.025063
-2566.947473,500,2021.701062
-1652.995123,397,2024.745065
-3228.961079,500,2029.994063
-450.727526,107,2030.753062
-157.764914,252,2032.596062
-628.008089,121,2033.502062
-2040.669657,423,2036.655062
-798.036367,268,2038.686063
-436.407195,412,2041.644062
-2663.10239,500,2045.166062
-115.432202,261,2047.17207
-457.240595,162,2048.409065
-377.42442,97,2049.136065
-727.307249,145,2050.252064
-706.639769,185,2051.657063
-475.925392,133,2052.596063
-711.452479,136,2053.565063
-1858.308523,345,2056.014063
-831.272659,141,2057.040061
-986.509333,154,2058.201065
-386.875488,126,2059.178063
-131.008528,172,2060.497064
-660.71515,158,2061.693063
-307.55665,116,2062.577062
-375.871599,167,2063.818064
-532.855809,159,2064.987062
228.447691,245,2066.775062
-3741.410681,500,2070.599062
-541.324413,91,2071.328065
-1481.661048,297,2073.686064
-348.363837,106,2074.508065
100.441037,207,2076.027062
-188.903458,375,2078.725062
-566.51807,289,2080.782065
-616.960494,118,2081.67707
-353.398317,120,2082.578062
-1227.03179,438,2085.814062
-491.673651,114,2086.633062
-436.994943,183,2087.914063
-1195.288185,272,2089.839063
-1280.289126,275,2091.834065
457.133287,182,2093.268064
-242.491125,251,2095.203065
-205.539316,155,2096.4236
-1052.90935,170,2097.749019
-528.569969,228,2099.41102
-543.759378,179,2100.694019
-1340.888073,304,2102.920019
-2053.68858,483,2107.387018
-372.507573,118,2108.299021
-2804.139871,500,2111.977019
23.867615,338,2114.475021
-404.52447,138,2115.544022
-416.524677,110,2116.366019
-292.8823,137,2117.42202
-794.020922,182,2118.803022
-628.422306,326,2121.212618
-2325.557052,500,2124.782618
-767.385193,280,2126.794618
-279.36998,102,2127.526617
-283.38058,167,2128.74762
-217.237626,251,2130.54362
-52.138234,275,2132.512618
-465.443778,246,2134.311618
-1038.680795,162,2135.481618
-39.748291,115,2136.329618
-996.139109,192,2137.818621
-716.536132,250,2139.767617
-1231.845135,256,2141.791527
-1076.071211,213,2143.456525
-767.757217,290,2145.551179
-802.561127,179,2146.858155
-315.701668,135,2147.848382
-877.878147,206,2149.382873
-1274.538306,313,2151.765875
-512.745481,196,2153.234874
-143.379304,137,2154.273874
-1336.569118,273,2156.200439
-379.444487,78,2156.73944
44.452869,178,2158.01244
-1127.695374,259,2159.858442
-440.359365,143,2160.951439
1073.755611,290,2163.231439
-291.505766,104,2164.045443
-326.199038,208,2165.667442
-300.546203,174,2166.93744
-134.38236,157,2168.081439
-464.637249,83,2168.659438
-617.681545,184,2169.974439
-705.340583,206,2171.470442
-763.971568,224,2173.158447
-2460.515009,454,2176.583442
-1337.349324,295,2179.263439
-698.549965,189,2180.65444
-287.296918,144,2181.718439
373.106956,191,2183.153441
-379.730178,173,2184.499442
-516.167422,138,2185.583441
-685.408203,249,2187.534442
-729.267377,255,2189.49944
-702.00077,216,2191.085439
235.420617,300,2193.221439
-58.822508,208,2194.703439
-432.916028,123,2195.619439
-584.496678,163,2196.783439
143.408849,276,2198.797441
-602.409602,170,2200.021442
-366.715038,186,2201.32044
-778.04568,253,2203.118439
-1163.556858,194,2204.470439
522.714572,165,2205.641442
-59.040514,385,2208.604442
-2446.52753,324,2211.181443
-282.80056,148,2212.29644
-1094.297447,226,2213.92644
-295.02152,124,2214.82544
-974.43163,230,2216.51044
-531.861098,148,2217.611439
-301.709343,98,2218.349439
89.133119,138,2219.425439
-609.509151,159,2220.63944
-416.54737,136,2221.680439
112.67055,124,2222.634439
-433.480875,104,2223.428439
-486.501945,132,2224.398439
-52.474973,176,2225.687439
-602.070922,185,2227.065439
-111.243244,185,2228.40744
-1415.659392,218,2230.078444
-130.925199,151,2231.257442
-920.338369,309,2233.676441
-1852.534857,500,2237.38644
-1440.219988,199,2238.82144
-1022.658733,161,2239.96844
-773.313959,135,2240.953439
-226.442497,273,2242.965443
-325.198121,136,2243.97044
-375.266018,105,2244.755439
-367.27654,121,2245.634439
-128.187582,310,2247.874439
-392.792202,210,2249.43344
-2050.566244,500,2253.214442
-488.536969,101,2254.492442
-339.44852,289,2256.714441
-188.886257,113,2257.611439
-674.284181,288,2259.718469
-2597.283714,437,2262.909469
-162.033355,124,2263.835469
-599.861938,256,2265.75247
-36.787503,193,2267.161469
-239.990658,134,2268.143469
-803.118021,431,2271.186469
-617.713491,135,2272.130469
-1794.647094,470,2275.537469
-229.026636,149,2276.646469
-254.845607,128,2277.622469
-189.131893,152,2278.774469
-536.626209,100,2279.541469
-97.32814,329,2281.938469
-354.97569,225,2283.530469
-597.029856,391,2286.381469
-939.305018,196,2287.870469
-339.490103,154,2289.060469
-181.852759,157,2290.242469
-264.241383,194,2291.719469
-450.443343,240,2293.484469
-295.247988,135,2294.447469
-310.164355,214,2296.013469
-660.557122,171,2297.24447
-1372.198873,309,2299.544469
-761.493598,247,2301.39747
-437.913637,229,2303.18247
-567.094746,241,2304.909469
-193.021285,203,2306.371741
-305.224191,123,2307.22674
-156.223981,176,2308.489741
-849.865525,241,2310.26874
-800.213211,281,2312.34774
-763.397573,199,2313.821741
-895.452428,306,2315.980741
-203.268678,150,2317.04774
-64.895638,174,2318.251741
-34.984704,193,2319.575741
-334.021489,154,2320.737741
-390.035417,140,2321.820615
251.932794,120,2322.754615
-2223.458422,374,2325.627614
-2595.566798,500,2329.735726
-380.503072,312,2332.041678
-859.970091,302,2334.336677
-290.86929,154,2335.484678
-632.119285,113,2336.356678
134.051,164,2337.580678
-722.149559,133,2338.544678
-372.490356,385,2341.361678
-64.693702,171,2342.596678
-1249.984876,226,2344.322678
-713.436543,302,2346.672678
-563.744581,171,2347.977678
-477.482077,210,2349.500679
-202.670838,163,2350.659678
-458.366647,123,2351.539678
-461.093607,92,2352.194678
-574.855428,227,2353.794678
-288.145907,148,2354.848678
-1739.666037,500,2358.475678
-804.600165,171,2359.701678
-1206.742239,307,2361.920678
-442.640359,114,2362.741678
-409.90265,100,2363.473679
-356.610983,103,2364.231678
239.483242,120,2365.104679
-221.938787,159,2366.350678
-1042.942229,297,2368.678679
-360.585764,115,2369.578682
-237.783156,240,2371.460678
-278.406971,111,2372.279678
-561.990843,152,2373.380678
-944.257976,258,2375.254678
-366.22419,200,2376.714678
-1430.348732,500,2380.526678
-521.942455,167,2381.747678
-459.094905,198,2383.200678
-187.045363,167,2384.378678
-322.978037,153,2385.450678
-52.492228,124,2386.319678
-138.685882,118,2387.162678
-663.151395,124,2388.037678
-478.299011,331,2390.578678
-374.773612,76,2391.165678
-994.025479,357,2393.926678
-480.090865,124,2394.871678
-146.56257,157,2395.986678
-304.296692,274,2397.961678
160.076849,300,2400.140678
-396.231226,196,2401.610678
-785.478612,233,2404.251678
-240.833496,114,2405.095678
-316.305401,111,2405.927679
-292.924925,213,2407.480678
-1131.08189,211,2409.030678
-249.503706,101,2409.761678
-2327.047767,500,2413.562678
-1091.214775,240,2415.437678
50.82087,119,2416.376678
21.203499,294,2418.570678
-209.573703,117,2419.421678
-2238.139858,500,2423.011678
-381.161226,434,2426.129678
-621.443645,125,2427.055678
-738.022416,148,2428.110677
-1691.774812,385,2430.820679
-964.653424,315,2433.030678
-487.390841,135,2433.966678
-787.772318,114,2434.845679
-383.654691,199,2436.350678
-544.623631,111,2437.195678
-1193.37287,266,2439.292678
-644.386258,126,2440.222678
-46.713505,305,2442.474678
-408.007449,202,2443.920679
-334.786692,100,2444.651678
58.68196,180,2446.002678
-530.745627,116,2446.878678
-321.050404,172,2448.197678
-1025.235585,208,2449.795678
-355.037838,179,2451.167678
-337.27874,125,2452.074678
269.114873,266,2454.028678
-217.708285,130,2454.960678
-736.063963,194,2456.387679
-2897.629496,500,2460.242678
386.000687,155,2461.405678
178.866751,173,2462.762678
-109.540096,174,2463.995678
-444.795512,113,2464.804678
-309.468819,180,2466.100678
-405.594891,128,2467.017678
-412.81365,114,2467.851678
-1049.123698,212,2469.395678
-328.558575,132,2470.358678
-383.456444,82,2470.948678
-733.101403,154,2472.064678
-1841.927528,336,2474.495678
-280.052995,123,2475.388678
-100.138035,260,2478.095679
-482.660546,96,2478.781678
-691.701744,147,2479.821678
-2531.684999,500,2483.486679
-271.494877,191,2484.947678
-1069.296639,454,2488.265679
-435.658261,209,2489.778679
-338.466459,143,2490.840678
-742.200712,216,2492.459678
-496.725732,110,2493.271677
-209.082718,274,2495.316678
-5.277528,169,2496.524678
-265.768427,147,2497.563678
-587.156072,107,2498.290682
-1613.24414,500,2501.812678
-359.094831,191,2503.267678
-858.673721,162,2504.514678
-538.444606,151,2505.664678
-664.894925,130,2506.680679
-462.364857,120,2507.587679
-227.284936,185,2508.888679
-1896.297776,377,2511.558679
-207.927631,295,2513.720679
-899.148161,179,2515.080678
-424.886833,173,2516.371678
-615.193054,160,2517.576678
-102.076352,135,2518.619678
-230.858857,109,2519.427678
-419.607961,98,2520.153679
-2708.123793,385,2522.965677
-334.042618,233,2524.672678
-1687.341217,405,2527.829678
-362.424173,275,2529.987678
-358.14064,157,2531.143678
-802.642471,182,2532.468678
-739.445683,116,2533.301677
-528.432394,150,2534.339678
-236.731708,143,2535.362678
-818.723848,337,2537.833225
-727.9714,172,2539.089226
-283.570085,110,2539.912225
-667.537966,160,2541.089226
-272.720717,111,2541.908226
422.265657,178,2543.156225
-495.453699,115,2543.975226
180.874744,165,2545.131227
-431.860243,302,2547.275226
-1143.407238,242,2549.128226
-932.519609,174,2550.493226
324.167129,173,2553.027226
-394.651595,233,2554.712225
-491.293951,124,2555.617226
-372.006265,141,2556.647226
-71.491506,145,2557.723225
-180.453628,122,2558.609227
-444.127463,254,2560.550227
-2843.747011,500,2564.336226
-182.716316,126,2565.248227
456.127062,269,2567.219225
-489.443996,117,2568.099225
-471.276862,166,2569.303226
-2297.452301,500,2573.132226
176.648617,144,2574.214226
-524.459637,122,2575.156225
-308.321557,127,2576.107226
-1299.83943,271,2578.039225
-347.760344,253,2579.827226
-1778.856673,295,2581.943225
-658.760884,106,2582.727226
-254.33436,140,2583.733225
-803.585024,183,2585.014225
-742.243566,174,2586.302225
-160.249067,141,2587.317227
93.757156,165,2588.464226
200.61973,265,2590.378226
-231.834343,110,2591.171226
-270.172539,90,2591.841226
-1006.905623,180,2593.201227
-328.541557,196,2594.745225
-2534.187059,500,2598.686226
-474.224962,284,2600.744226
-312.580194,159,2601.877225
-314.875398,163,2603.057225
-322.637396,117,2603.894226
0.250813,149,2605.030226
-507.871539,136,2606.057225
-611.1641,129,2607.024226
-211.131783,155,2608.204226
-712.180503,196,2609.658225
-928.52152,250,2611.432226
-388.988252,98,2612.131225
-307.486919,128,2613.037226
533.641306,125,2613.908226
-1257.170543,304,2616.101225
-484.471997,151,2617.274225
-1703.321043,398,2620.344225
-2446.927546,405,2623.360226
-474.188096,155,2624.476226
-177.094115,153,2625.558226
-911.201962,239,2627.883226
-1307.043783,351,2630.503225
-976.764074,297,2632.720226
-425.953084,102,2633.487226
-155.018023,339,2635.944226
3.929548,210,2637.492225
-446.200714,155,2638.646226
-156.491691,169,2639.944226
-358.04697,104,2640.740226
-279.247106,116,2641.644226
-39.602042,186,2643.076226
-566.20554,273,2645.184226
136.616576,197,2646.616226
-497.307211,160,2647.781252
-387.883805,154,2648.858253
-1307.365189,246,2650.629252
-422.99,119,2651.510255
-157.171781,129,2652.419252
-546.588495,113,2653.212252
-1217.85804,466,2656.540251
-310.746613,224,2658.109251
-1385.910006,315,2660.314253
-419.928371,180,2661.621252
-596.158152,112,2662.493252
-1953.468945,427,2665.793794
-2139.404213,382,2668.703794
-367.179783,141,2669.720793
-2630.266018,500,2673.391797
-410.413965,181,2674.758793
-1026.800602,146,2675.880798
-2872.383141,500,2679.667795
-2400.254159,500,2683.339794
-353.490359,177,2684.658793
-452.888638,134,2685.700793
-173.451622,127,2686.709794
-404.07138,154,2687.944793
-194.594098,209,2689.557794
-1356.344837,311,2691.859794
-891.089686,210,2693.352793
-838.537207,242,2695.088794
-200.08758,185,2696.411797
264.866732,117,2697.281797
238.520192,329,2699.695797
-461.287061,179,2701.415146
-429.778611,268,2703.305149
337.924175,228,2704.972146
-1130.796134,222,2706.626147
-321.280617,122,2707.541148
-398.306972,123,2708.511147
-491.922269,123,2709.480147
-338.373847,192,2710.970147
-2372.512549,500,2714.773146
74.158022,208,2716.288151
-1517.509885,355,2718.865147
52.590603,194,2720.341146
-2641.528576,500,2724.037146
80.915001,246,2725.752146
-1042.813349,209,2727.230146
-854.525906,139,2728.187146
-150.199378,160,2729.311146
-1540.244645,368,2732.077146
-1220.47032,201,2733.640147
-108.389743,313,2736.050147
-368.033679,135,2737.014149
-812.596115,148,2738.067147
-625.064121,287,2740.095146
-544.254644,116,2740.930149
-277.32718,278,2743.029145
-2700.517298,500,2746.831146
-570.904552,369,2749.555146
-142.978229,206,2751.069148
-796.52786,256,2752.946146
-2709.196471,500,2756.90215
-2362.147167,404,2760.039149
-527.832212,230,2761.676147
-304.616202,167,2762.882149
-2346.132432,500,2766.516177
-311.689963,143,2767.573179
-3023.696919,500,2771.241177
-649.323327,412,2774.120177
-259.505049,131,2775.015177
141.701872,204,2777.043179
-441.386791,110,2777.920177
-311.897568,128,2778.889179
-217.242368,124,2779.849177
-2925.889306,500,2783.639177
180.510099,141,2784.654177
-158.328474,129,2785.584177
-997.758194,213,2787.150177
-1133.831631,248,2789.018177
-857.162501,261,2790.948177
-546.888922,437,2794.214177
-295.808724,109,2795.005177
-1677.546024,348,2797.552178
433.958584,406,2800.616177
-62.564794,192,2802.066177
-178.912312,109,2802.896177
-1881.405901,500,2806.580178
159.282644,176,2807.824177
-214.927592,104,2808.564178
-742.181352,328,2810.898177
41.505179,183,2812.208177
171.519939,226,2813.798177
-447.936369,171,2815.027177
-213.765679,139,2816.019177
-391.544132,317,2818.295179
-451.435745,145,2819.347177
978.103397,269,2821.333177
-626.307036,140,2822.433177
-191.862554,194,2823.945177
-852.128432,190,2825.435177
-95.694598,146,2826.565177
-370.981595,141,2827.657177
-303.323098,236,2829.371179
-312.841808,155,2830.498177
-28.025081,241,2832.226177
-1101.891242,190,2833.640053
-1016.319397,235,2835.399054
-628.517735,449,2838.666053
-747.297875,222,2840.225058
294.413869,153,2841.321054
-1421.574602,289,2843.357053
-122.357416,155,2844.475054
64.344096,233,2846.243053
-63.623119,198,2847.767624
-253.33855,221,2849.512625
-1214.588139,357,2853.120624
-1126.317379,265,2854.999625
-318.74373,167,2856.232625
-499.744379,148,2857.333624
-186.987428,220,2858.984624
-97.386985,145,2860.058626
-2027.490266,471,2863.544624
553.878629,233,2865.229624
-631.635643,158,2866.37216
-17.330384,128,2867.333188
-282.869089,159,2868.563208
-185.560731,175,2869.913208
-246.046905,156,2871.120208
-84.921257,240,2872.983644
88.022222,307,2875.218476
-433.709085,285,2877.225608
-177.079704,100,2877.934871
-247.782968,180,2879.231903
-677.737976,357,2881.776541
-312.824855,120,2882.654629
-405.472624,193,2884.053343
-190.954554,407,2886.877075
-227.697697,156,2887.967331
-1046.213208,267,2889.867505
-481.178381,105,2890.650664
290.912209,210,2892.245689
-2057.129487,376,2895.189956
293.670261,236,2896.938809
-1096.304553,320,2899.256574
-2858.715365,500,2902.97353
-78.608082,297,2905.249082
-106.383924,196,2906.747972
-383.863014,163,2907.964985
-575.899795,129,2908.897903
-1598.999723,326,2911.301864
-846.098868,467,2914.779216
-788.936446,500,2918.657216
-780.668154,185,2919.992216
-527.745628,181,2921.276216
-24.479975,319,2923.557216
-1471.697225,480,2928.904216
-99.349038,132,2929.851216
-1777.728664,441,2932.973217
-791.506726,304,2935.228216
-753.474474,246,2937.123216
50.956821,500,2940.989216
-512.178941,277,2943.036249
-142.919434,149,2944.118247
-814.271307,268,2946.06848
-811.081091,226,2947.741481
37.91538,241,2949.56348
-30.310154,180,2950.904481
96.362158,309,2953.128483
-1463.702779,500,2956.638482
-212.111082,156,2957.744482
-98.627742,225,2959.429481
103.986229,239,2961.275481
-704.125412,445,2964.634483
-257.140961,187,2965.967481
-469.001246,219,2967.52948
-294.943791,139,2968.49648
-9.968578,374,2971.289481
-1149.298251,186,2972.694481
-179.733732,156,2973.893482
-1450.616369,399,2976.874481
-425.348275,241,2978.638484
-156.008671,123,2979.55048
-992.272091,461,2983.083481
-596.551954,199,2984.652481
-1779.518283,420,2987.898482
365.934282,200,2989.340482
-162.816449,311,2991.567482
198.214449,178,2992.84848
-465.742748,228,2994.541481
-841.772895,302,2996.74348
-2322.017449,500,3001.561483
-1841.022034,465,3005.017481
-390.833477,198,3006.581482
-377.767286,157,3007.796482
-2442.954438,452,3011.195481
-329.856101,132,3012.157481
-69.128105,196,3013.585483
-4.64756,163,3014.779481
-1877.866082,346,3017.37148
-295.654061,87,3018.035481
-1786.270515,363,3020.768481
-405.538732,193,3022.171481
-1767.956819,432,3025.35248
-2066.122569,500,3029.184016
-220.409989,101,3029.955015
-747.081579,500,3033.692087
-162.463902,255,3035.519359
-1047.871222,434,3038.609362
-965.785967,346,3041.13136
-327.497406,131,3042.075359
-1288.585955,233,3043.72836
-363.163258,100,3044.425359
-812.814768,197,3045.804359
-720.40586,368,3048.488364
-509.885429,331,3051.048359
114.805306,180,3052.471359
-370.114484,196,3054.017359
-642.424894,498,3057.704379
-149.373773,359,3060.307379
-86.244319,258,3062.278378
-84.901122,287,3064.447377
101.926351,116,3065.331378
-768.790967,176,3066.641377
-194.858598,324,3068.929378
-437.889239,225,3070.541377
-693.23385,309,3072.790377
-2443.530115,500,3077.428378
-2158.768013,443,3080.659379
-2191.763211,500,3084.272377
-581.034096,248,3086.130378
46.392652,167,3087.360377
-507.279447,175,3088.665377
-797.241556,223,3090.316377
-640.237178,316,3092.645378
-509.529163,192,3094.065088
-672.254925,218,3095.703089
132.564953,296,3098.008085
38.774204,209,3099.642086
-196.935969,360,3102.350087
-744.930361,291,3104.444086
-419.607434,94,3105.127086
-548.561492,174,3106.355086
-40.370924,188,3107.702089
-534.944388,146,3108.770089
-207.445208,162,3109.918089
-2820.239924,500,3113.515085
359.751466,193,3114.892086
-2687.326848,500,3118.506085
-753.047835,179,3119.827088
-566.415328,170,3121.12709
-376.534783,169,3122.451085
-2298.105866,417,3125.568085
-2762.743445,500,3129.208089
-437.373122,236,3131.007085
-169.950069,178,3132.382089
-2149.660597,500,3136.174085
4.048259,293,3138.315085
-309.649434,299,3140.516085
-21.650445,217,3142.198088
-68.59353,173,3143.537088
-276.122275,221,3145.285085
-1482.849166,439,3148.528086
-55.172798,194,3149.925086
-1373.167998,252,3153.715089
-262.715308,181,3155.032088
-311.389392,148,3156.127086
-346.859876,273,3158.104085
-1712.290996,281,3160.103411
-196.349488,262,3161.970412
-1941.193241,500,3165.78441
-214.438872,245,3167.672413
351.107549,288,3169.858411
-3524.171936,500,3173.50841
-1201.97608,373,3176.294412
-104.88629,198,3177.77041
-44.723004,125,3178.707411
-27.285442,206,3180.257411
285.185287,293,3182.320411
439.740631,258,3184.14741
402.726342,360,3186.74541
-255.703921,186,3188.14041
-760.212398,159,3189.34441
-86.875688,227,3191.078413
-144.467586,204,3192.59141
-490.977733,234,3194.24141
-722.836063,215,3195.77441
-434.607573,151,3196.85641
-269.958155,154,3197.95941
-379.314332,253,3199.838413
511.975539,248,3201.732412
-532.925397,174,3203.06641
596.140144,187,3204.441962
-477.980342,409,3207.43486
-721.033075,196,3208.875864
-314.231295,134,3209.914862
-709.991856,207,3211.546863
12.390983,237,3213.39386
-649.666271,244,3215.288861
-626.989905,209,3216.825859
-1661.065375,335,3219.22886
-260.856823,171,3220.467863
-231.714235,186,3221.85186
-487.084032,284,3223.958859
-562.199161,197,3225.418863
-138.171918,373,3229.44386
-290.723131,251,3231.216862
-1221.315651,369,3234.114863
-362.333732,314,3236.579863
-265.111311,216,3238.199861
-1363.292554,500,3241.86386
-445.080646,222,3243.495861
-160.703176,232,3245.24986
-251.217634,184,3246.625861
-492.134976,284,3248.773861
-426.332096,108,3249.568861
858.207929,434,3252.77883
-723.834152,387,3255.664458
629.969176,207,3257.289426
25.034656,339,3259.880371
323.67274,313,3262.150308
657.645868,280,3264.141266
-184.354038,280,3266.136521
-1298.440526,500,3269.725022
-2701.533407,500,3273.302021
353.49928,242,3275.01604
101.331271,176,3276.307012
-255.814647,233,3278.076978
-322.63573,366,3280.952919
-259.48385,207,3282.594722
-365.220679,142,3283.714307
-531.479026,382,3286.473308
23.720961,202,3287.944307
-37.40381,253,3289.825475
-300.655872,157,3291.021476
-162.739172,352,3293.714479
-696.775414,333,3296.134476
-1214.733384,340,3298.530386
-290.589869,500,3304.193389
382.549255,274,3306.302387
-88.364198,304,3308.479387
-410.655125,238,3310.163387
-466.871599,230,3311.85339
-46.079595,267,3313.817385
524.358232,252,3315.652386
-925.159048,305,3317.914386
-452.929414,227,3319.588386
389.071097,323,3321.942387
-278.793839,120,3322.831387
-2792.997127,500,3326.716389
-601.177088,207,3328.353387
196.694869,452,3331.695387
-1943.718132,445,3334.942388
-55.408362,247,3336.721388
526.257229,258,3338.613386
-553.063932,325,3340.944386
-167.231348,154,3342.007386
-743.276627,371,3344.606386
-13.962924,234,3346.318387
-285.407109,156,3347.519389
-1002.682972,174,3348.838388
-330.129029,103,3349.624387
-82.571594,294,3351.827387
-284.968538,158,3352.989387
-600.399344,146,3354.033386
-342.320792,105,3354.812385
-195.406414,127,3355.7149
-1050.533117,401,3358.719902
-1257.117818,207,3360.2849
-96.755544,285,3362.489899
-444.151819,96,3363.210901
-519.603565,156,3364.352727
-852.776618,305,3366.577727
358.519777,224,3368.205727
324.688626,219,3369.893727
-1105.312901,432,3373.286728
-436.176863,257,3375.242727
-236.693637,184,3376.556727
181.822128,194,3377.924727
-273.98336,134,3379.399727
-526.530375,213,3380.962727
397.632481,183,3382.335727
-250.805186,336,3384.830728
-1567.389482,446,3388.009727
-434.028299,93,3388.685727
167.011225,108,3389.443727
-481.10381,401,3392.415727
527.420334,168,3393.723727
-235.923684,305,3396.088727
-157.976501,133,3397.120727
-318.058226,500,3400.789727
-247.98199,319,3403.121727
-364.684637,294,3405.349727
-286.160136,90,3406.021727
-318.791652,209,3407.584727
49.284782,167,3408.838727
-613.548837,138,3409.841727
-84.845394,275,3411.748728
-285.146308,251,3413.510729
-102.881516,195,3414.933728
-337.796785,144,3416.016727
-782.461921,202,3417.528727
490.627384,238,3419.357727
-111.130135,180,3420.695727
-357.620782,129,3421.609727
-1750.838571,500,3425.179727
-908.348229,209,3426.674727
294.644888,230,3428.426727
-744.138005,320,3430.851727
-2384.833556,500,3434.539727
67.225794,137,3435.530727
12.709819,86,3436.169727
278.245271,160,3437.356727
-1318.7941,349,3440.109727
-892.834843,290,3442.389727
-95.529105,171,3443.700727
-2565.858032,500,3447.327727
-248.867975,114,3448.15173
-655.417802,500,3451.827743
-1949.773043,500,3457.248747
-358.227563,158,3458.349746
-97.870793,251,3460.181744
-471.720953,236,3462.024744
-300.143603,148,3463.177743
-584.078896,116,3464.093744
114.606879,162,3465.334743
48.086839,274,3467.328743
-27.650912,193,3468.722746
-1075.36754,500,3472.430892
-359.459091,134,3473.451893
-2283.211141,500,3477.195894
292.041924,219,3478.789893
108.972671,220,3480.399892
-1575.035928,500,3484.189895
-465.780078,141,3485.320892
-1195.263917,273,3487.408892
-264.859437,118,3488.297896
-700.999591,360,3490.889892
-280.767219,190,3492.257893
-476.035029,250,3494.018893
-358.094621,308,3496.228895
-1534.865701,500,3499.846893
-440.191893,114,3500.661892
-302.581352,176,3501.900893
250.294744,263,3503.749895
346.47725,387,3506.641895
-254.39643,327,3509.228895
-357.526572,105,3510.040896
-765.185085,335,3512.599892
76.672479,500,3516.240892
-342.819343,229,3517.945892
-413.276232,230,3519.716894
-362.186261,215,3521.364892
68.749558,161,3522.590892
-462.140166,231,3524.281892
-181.52947,187,3525.586891
-345.827694,218,3527.148892
-2977.465253,500,3532.969894
-752.78327,293,3535.146892
-751.256347,335,3537.550892
-341.305066,278,3539.546891
-341.433702,138,3540.572896
-232.194788,151,3541.689891
-1217.046647,414,3544.758892
-1113.518992,198,3546.238891
-24.217793,239,3547.983892
-641.466264,291,3550.133891
-375.752457,186,3551.560894
-304.375446,172,3552.901891
-153.384366,282,3555.084891
-12.194944,232,3556.877891
66.710363,237,3558.604891
-24.06093,278,3560.644892
-296.840587,342,3563.157749
65.868867,230,3564.839749
-1548.925926,500,3568.458751
-1564.138638,317,3570.686751
-652.375556,298,3572.794748
118.840049,205,3574.275748
-312.914128,154,3575.438754
42.472547,324,3577.932748
-370.785975,122,3578.886749
-249.062646,381,3581.655751
-814.415911,500,3585.299765
-1959.800757,405,3588.421985
-1305.818315,309,3590.795982
-305.851352,153,3591.919983
-1047.298544,227,3593.595983
-369.688715,131,3594.534983
-239.707414,195,3595.973983
-1254.611397,345,3598.648986
-280.890955,164,3599.945985
-305.710711,234,3601.821986
-74.512031,220,3603.499983
-427.378701,190,3605.932983
61.519387,176,3607.195985
-290.134066,107,3607.969983
-422.910802,163,3609.174613
-359.452971,262,3611.109611
-616.735483,297,3613.341612
-156.622111,132,3614.322611
-433.052304,223,3615.86761
-486.17549,313,3618.090611
206.097618,270,3620.049613
-289.667483,161,3621.294612
-442.543311,343,3623.972614
-301.321652,230,3625.76361
-421.268706,118,3626.616611
-318.438468,157,3627.760611
-308.802579,115,3628.603611
-450.739867,328,3631.001611
-337.222511,276,3633.07961
-557.716058,160,3634.28861
-682.026495,173,3635.583612
-2461.734558,500,3639.314259
-1499.033369,366,3641.916202
-362.02981,307,3644.19716
-217.577534,193,3645.650131
-664.138672,249,3647.544084
-449.740131,368,3650.236066
-666.684502,281,3652.237549
-508.961539,303,3654.399549
-399.805062,261,3656.275152
-231.212459,209,3657.811153
-439.323523,107,3658.595155
-125.919436,184,3659.959152
-557.771891,500,3663.629153
484.719983,323,3666.070155
-749.421481,500,3670.001155
-877.583701,331,3672.532153
-298.275333,495,3676.138153
-635.063136,280,3678.248155
