#{"t_start": 1776588636.8938797, "env_id": "None"}
r,l,t
-211.923394,262,0.080996
-667.694993,129,0.109996
-134.007939,139,0.142996
-738.991472,109,0.170998
-1403.554402,312,0.246998
-687.79608,182,0.284999
-413.483307,128,0.311997
-907.551715,157,0.344996
-1456.622746,269,0.402002
339.647883,174,0.437997
-569.190928,82,0.457998
-1211.123371,154,0.491
-796.530314,225,0.539997
-917.115087,306,0.603998
-457.511084,136,0.632998
-128.951941,206,0.675997
-388.240905,182,0.713998
-575.163209,161,0.748997
64.019598,170,0.783997
-827.20179,101,0.805998
-1773.855932,244,0.858999
-1036.521198,199,0.900997
-1141.581089,230,0.949997
-54.87448,303,1.012997
-767.915937,131,1.039997
-479.386715,82,1.056997
-494.141739,171,1.091998
-396.323512,102,1.113998
-730.338552,165,1.150997
-946.734164,197,1.191998
-885.465491,159,1.228997
-574.587352,95,1.248997
-360.754558,180,1.286998
-645.209564,104,1.308998
-407.58123,120,1.333997
-535.332682,165,1.367997
-295.697406,95,1.386998
-565.580194,99,1.407997
-815.891163,443,1.500998
-102.544927,233,1.553998
18.697198,168,1.590997
-1626.777379,343,1.664998
-385.672764,139,1.693997
-878.67876,264,1.749997
-398.779535,100,1.772
-857.138529,163,1.809
-513.157024,77,1.826998
-307.450628,171,1.862997
-246.072246,144,1.892998
-1036.262092,247,1.947998
-129.38799,179,1.986998
-725.163782,181,2.023997
-767.675968,141,2.054998
-141.87484,97,2.077997
-1147.037718,243,2.131998
382.617093,167,2.166997
-5.716097,102,4.214997
-303.706851,101,4.981
-696.227638,311,7.354997
-54.547773,170,8.642998
-607.892437,120,9.570998
-90.466871,124,10.496997
-539.650476,110,11.279003
-709.863545,347,13.760998
-59.183258,491,17.300997
-335.880034,112,18.108997
-350.416593,157,19.281997
-474.826612,128,20.215997
31.089991,102,20.973999
274.19298,177,22.309998
35.548901,90,22.967997
-482.873254,140,24.005997
-882.948585,302,26.232997
-463.528694,252,28.118001
-504.231766,131,29.128999
-1568.82166,271,31.227001
54.056204,173,32.556997
-169.31414,108,33.384001
-318.464184,148,34.470031
-938.082959,258,36.35203
-751.709431,130,37.29703
-1089.032222,297,39.469031
-56.098672,182,40.81203
-852.465613,132,41.766032
-256.287276,95,42.43703
-378.154638,127,43.35903
-816.630703,212,44.88403
-230.872403,111,45.66103
-743.380325,151,46.72403
-566.437832,103,47.44103
-648.678844,154,48.51703
-526.476553,113,49.30503
-785.182359,171,50.535031
-51.520279,119,51.40503
-632.395898,138,52.44503
-1060.281067,321,54.85003
304.800402,178,56.19303
-549.330565,138,57.17103
133.012587,156,58.28903
-711.872896,212,59.82203
2.09993,152,60.92503
-604.767309,166,62.14503
-262.664689,112,62.990031
-275.130957,146,64.08803
-372.561265,98,64.825031
-802.551987,171,66.120031
-160.969021,112,66.95503
-184.732607,119,67.84703
360.503291,111,68.65503
334.466938,187,70.02303
110.303086,195,71.45103
-440.648147,168,72.68003
-713.54189,136,73.71503
-414.152501,138,74.79003
-300.47839,107,75.62203
-200.180769,125,76.59803
-513.212669,116,77.48703
-459.064724,105,78.854031
-1103.418235,237,80.55103
-356.286466,99,81.25403
-567.380688,107,82.01603
-586.431941,180,83.294031
-479.471103,135,84.23803
-436.272498,179,85.532032
-552.628333,251,87.36003
-268.57143,159,88.53303
-925.866212,342,90.98503
-620.37336,132,91.91203
-276.206497,244,93.63103
-810.452502,182,94.91303
-708.451814,88,95.53203
-724.905771,134,96.55603
-606.564143,159,97.781031
-160.519737,83,98.42003
-224.543782,108,99.24603
-155.417492,156,100.44203
-446.250139,172,101.762031
-795.74325,215,103.33503
-548.118742,140,104.364032
-224.936339,186,105.71903
-371.053579,127,106.64603
-260.892821,181,107.98203
-799.746175,232,109.714031
-386.018041,161,110.926032
87.975136,204,112.45803
-733.503721,105,113.24803
-124.101801,188,114.63103
503.906368,204,116.092031
-486.683169,206,117.537031
-734.270815,147,118.57003
-393.314507,189,119.973031
-802.978258,227,121.66003
652.820541,475,125.16103
-297.479281,155,126.25503
-872.167048,184,127.55756
-124.251106,128,128.46156
-1635.538091,336,130.84856
-765.839344,164,132.02256
-983.001529,262,133.953562
-333.148806,124,134.89656
-466.911288,344,137.448561
-803.545614,204,138.94256
-504.648532,214,140.509559
311.565546,441,143.888178
-160.271864,145,145.024244
-605.558494,154,146.230316
-702.206516,231,148.025993
-584.24972,287,150.095993
-98.269487,185,151.431993
-635.618326,147,152.814993
56.718231,157,153.952993
-827.494297,172,155.207994
-766.186344,162,156.395993
-287.606955,185,157.733993
-376.404962,155,158.882993
-594.589861,144,159.893993
-1121.245625,279,161.849995
301.903786,209,163.320993
-1956.060311,292,165.464993
53.304415,142,166.526993
-131.964195,162,167.767993
-641.58153,171,169.077993
-789.559424,141,170.176993
-359.338609,151,171.273993
-366.50231,144,172.330993
-253.888696,102,173.073995
-927.729038,153,174.191993
-725.231984,236,175.912993
-373.066754,133,176.915995
-459.91013,175,178.248993
-569.107133,241,180.055993
-427.275613,96,180.777993
-392.366219,149,181.893994
282.616347,132,182.862993
-703.859118,197,184.305551
-247.455531,180,185.632551
161.233826,121,186.524552
-748.832554,147,187.609551
-503.149109,114,188.488557
-430.293623,198,190.025551
-375.160385,165,191.271551
-551.47029,192,192.722551
-570.481047,225,194.331551
-373.762635,169,195.521551
-505.574543,104,196.257551
-467.953663,332,198.602551
-671.04035,194,199.999551
-173.183784,137,200.990551
109.908012,221,202.571553
-463.688501,147,203.610551
-617.926689,197,204.993551
-178.892838,247,206.720551
-237.088857,148,207.759552
257.43711,141,208.773551
-33.303939,174,210.052552
-891.887195,195,211.583551
-564.126818,213,213.252616
-629.649321,134,214.294616
-676.633991,203,215.884616
-497.059783,82,216.521616
902.119309,176,217.801617
-947.409998,212,219.344616
-176.58566,133,220.310616
-457.751009,134,221.285616
-932.175258,212,222.882616
-482.454543,111,223.721617
-404.157088,131,224.720617
-154.808153,129,225.689616
-400.140262,178,227.567616
-444.907551,116,228.414616
202.872285,211,229.903616
-639.888566,106,230.653616
-207.585159,144,231.674617
45.992545,154,232.761616
76.823002,131,233.743618
90.766601,267,235.801773
-420.032881,85,236.454772
-281.691769,119,237.376772
-412.332904,184,238.811772
-1377.112623,302,241.005772
-235.833112,95,241.683774
-1288.056653,365,244.286772
-856.969794,218,245.897773
-474.557331,197,247.356772
-274.090699,184,248.731772
-326.943879,58,249.166772
-211.371695,112,250.003772
-274.421846,75,250.564772
-117.332643,203,252.060772
-388.630095,72,252.593772
-1392.914845,423,255.719772
-1092.776326,240,257.548772
-913.028536,220,259.248774
-122.660558,163,260.506772
-500.974267,150,261.673772
-423.56253,113,262.541772
-516.230366,150,263.634772
-1.373095,158,264.793772
-563.122271,128,265.731774
-804.30638,237,267.434772
-53.673768,108,268.201772
137.817315,156,269.313772
-770.289313,454,272.552772
-920.422807,242,274.255777
-695.408696,173,275.471772
-804.529236,136,276.428772
21.249586,142,277.419774
-414.543655,114,278.221772
-409.452295,116,279.040772
-100.689309,110,279.873772
-363.5666,75,280.431772
-1183.959509,243,282.232772
-996.548943,234,283.984772
-569.23604,198,285.475772
-1130.194023,186,286.825772
-225.953016,85,287.440774
-415.668793,112,288.243772
-1219.232754,231,289.922772
67.294465,326,292.390772
-82.563721,189,293.816772
-854.511887,236,295.618774
-53.73735,136,296.630773
808.996302,190,298.010773
-411.79138,223,299.638773
-347.743541,158,301.267772
87.203994,160,302.498772
-277.697937,214,304.155772
-1293.414795,325,306.675772
886.275582,243,308.506772
1.935924,141,309.508773
-385.673855,350,312.001772
-1759.672686,486,315.548772
-646.558981,199,317.002772
-697.825004,187,318.386772
346.775581,194,319.775772
-817.26065,186,321.076773
-454.5778,247,322.831774
-881.339649,259,324.633773
-781.448884,163,325.767773
-70.053797,166,326.952773
20.477244,105,327.736772
-711.529085,252,329.597772
-32.729142,154,330.712772
-210.728496,94,331.382773
-227.582818,171,332.583772
-40.654551,181,333.853772
-76.554576,178,335.114773
-523.684997,159,336.244774
-526.836644,114,337.064772
-376.189569,103,337.805722
-1103.218629,308,340.058722
-447.59094,263,342.006721
-761.975568,141,343.018723
-152.902979,162,344.157722
-313.430065,140,345.142721
-363.053701,114,345.944721
-111.902635,105,346.705722
656.303043,301,348.982721
-735.184287,183,350.389723
-344.854839,82,351.005722
-69.688798,82,351.621722
-485.992157,104,352.391723
-169.337539,99,353.101722
-409.579473,91,353.748722
-262.805072,135,354.714724
-486.201141,83,355.306721
-721.457572,277,357.278721
11.595794,122,358.146721
-310.687831,82,358.736722
-378.731817,188,360.071721
-485.07409,158,361.278721
0.196179,108,362.103721
-130.164912,127,363.049722
-188.876664,162,364.266726
-315.471961,103,365.025722
-591.183991,142,366.069722
-321.05232,117,366.927722
-163.360417,119,367.799722
-483.059182,126,368.723721
-577.210057,163,369.972723
-432.236915,128,370.971722
-254.706319,98,371.740722
-321.977783,106,372.562721
-101.078908,143,374.616722
-397.607988,121,375.527722
-577.781853,223,377.152722
-531.380262,134,378.118722
-1120.138784,276,380.123721
-484.395564,136,381.128723
-745.211903,124,382.032722
-75.507931,170,383.27028
783.611332,138,384.285283
-145.701849,120,385.17728
198.223254,141,386.208288
-564.312015,130,387.12728
-198.378349,245,388.86328
-221.665156,161,390.00228
-489.060562,153,391.08028
95.490616,318,393.47328
9.921717,127,394.37728
-842.187914,136,395.40228
-208.282246,125,396.356281
-2208.586335,341,398.875281
348.557347,198,400.29128
-147.700901,281,402.350282
-85.827257,149,403.45528
-88.082664,203,404.95128
-730.882548,204,406.47328
-529.069269,182,407.83428
-254.234372,121,408.728283
-370.43096,131,409.68228
-369.75135,213,411.23128
-393.133826,89,411.88428
-759.702189,95,412.57428
-397.258669,358,415.24228
-245.475619,87,415.91428
-729.621268,294,418.16328
-307.432429,86,418.82128
-98.728812,146,419.92428
-246.263943,88,420.56928
-638.49417,171,421.795281
-14.755671,160,422.923281
-391.209678,209,424.39628
-1005.607575,366,427.01528
-488.545579,284,429.087291
-473.932787,124,429.981291
-273.025231,157,431.122293
-297.31153,81,431.706291
72.145431,162,432.840291
-394.703831,66,433.310292
-316.869967,165,434.472292
-531.513182,166,435.635293
218.843823,175,436.863292
-684.603722,139,437.922291
-918.405918,176,439.301291
-411.542481,89,439.994292
56.955635,117,440.893291
-480.646533,133,441.921291
-594.630174,222,443.597292
-928.28241,380,446.356292
-339.911216,180,447.661293
-454.362913,206,450.238291
-727.384184,201,451.768291
-309.862115,238,453.570291
-394.783091,218,455.168292
-422.213803,150,456.260291
-232.777083,111,457.0652
-144.083773,126,457.987202
-747.653035,223,459.621202
-960.5476,156,460.8152
-249.243127,173,462.134202
-337.973415,203,463.6822
-153.525106,179,465.056199
-895.036642,341,467.5142
-1049.078957,261,469.3872
-366.660568,146,470.430199
-325.486571,146,471.514202
-484.69136,224,473.159202
-799.183277,261,475.091202
86.270256,140,476.1452
-922.511197,282,478.1732
-480.149869,125,479.096201
-541.23455,191,480.49946
-1155.76261,196,481.945465
-307.681929,221,483.633464
-512.90961,153,484.820461
-124.217156,165,486.088463
-1247.768609,290,488.328461
-374.927353,156,489.469461
-615.329302,122,490.359461
-751.461771,186,491.722461
-104.155356,94,492.411467
-125.695727,110,493.22246
-475.30725,95,493.925463
144.327563,159,495.122461
-619.127667,191,496.565461
-1472.828179,339,499.03046
-128.47157,102,499.750461
-971.716642,230,501.362461
-31.49611,96,502.049461
734.126686,236,503.710461
-396.085113,147,504.74546
-262.786945,126,505.70246
-1600.234552,482,509.30246
-579.449618,162,510.50746
272.016559,203,511.955461
-545.312228,160,513.091461
-297.658571,197,514.49446
-111.724137,168,515.700461
85.972673,139,516.74046
-357.011671,118,517.642461
130.663268,116,518.523463
-137.891228,106,519.338463
-937.723647,257,521.297461
-2127.221291,500,525.53846
-549.672781,165,526.745485
-566.564577,228,528.487489
-1907.725932,445,531.963485
-492.901073,179,533.35549
-611.375447,298,535.528486
-486.672914,163,536.700486
-244.811569,214,538.221487
-19.555507,154,539.348488
-170.921713,148,540.450488
-998.766218,194,541.884485
-425.507847,151,543.013488
-1742.437069,500,546.659486
-767.114157,223,548.240487
-1863.530452,500,551.920485
-750.389016,210,553.537486
-36.20237,126,554.506486
683.717169,174,555.825486
245.329837,327,558.230486
-677.39537,226,559.882486
-132.318869,276,561.910487
-315.695989,198,563.398018
-379.967917,141,564.461263
-25.980258,101,565.221267
-519.479427,102,565.987264
-663.406431,190,567.421265
-475.576786,166,568.647263
-522.613362,170,569.894263
-230.40227,112,570.720263
-513.977949,125,571.637263
7.321304,228,573.316263
-121.818837,100,574.081266
-519.414551,216,575.693262
-1092.622186,218,577.342263
-1229.773871,264,579.291264
-665.29112,111,580.075264
-393.824283,116,580.895263
-772.084342,248,582.663263
-438.132589,382,585.399263
-800.301856,229,587.046263
-234.685537,224,588.655264
-1198.177084,214,590.205263
-728.938661,192,591.555265
-414.888974,112,592.341263
83.433708,235,594.042264
-183.518373,171,595.290263
-345.233879,149,596.439936
-46.837869,261,599.306875
-1694.03035,500,603.080825
-287.246712,119,603.945775
-157.71853,104,604.696776
7.863204,94,605.375776
-747.166682,208,606.894711
-568.199083,251,608.791666
-1115.491554,298,611.049623
-449.742297,134,612.071601
11.141254,173,613.352573
-348.02501,236,615.041573
-718.747696,135,616.001512
-589.443075,90,616.637498
-2024.987354,369,619.362437
-80.416977,82,620.002324
-83.418365,153,621.174406
-407.677968,121,622.107382
-66.906772,129,623.060367
-460.001295,159,624.271346
-166.599905,124,625.168345
108.80922,111,625.966346
-1071.04464,214,627.507346
-275.180366,139,628.503355
-284.801259,113,629.316354
-160.212576,187,630.689201
297.022673,185,632.049178
-299.884705,308,634.365121
-590.75778,116,635.249097
-442.744726,193,636.673068
-261.630618,137,637.680064
-141.315108,95,638.380038
-304.801127,191,639.78701
-701.46933,237,641.56397
-271.788643,121,642.487944
-158.659893,107,643.310925
-603.912406,133,644.34091
-295.512006,108,645.172889
-384.65584,138,646.238869
-591.23682,136,647.260843
-11.511595,197,648.718822
45.07153,141,649.75679
-550.805532,157,650.910728
-821.19699,209,652.43873
-194.351087,113,653.249725
-108.153908,254,655.101676
41.542106,126,656.015634
-560.629305,94,656.697957
148.280133,144,657.737966
-960.959924,273,659.664965
-1507.435863,303,661.805971
-106.551165,99,662.499964
342.212588,128,663.406969
-874.464932,287,665.578965
-1452.764879,500,669.341965
-67.016687,179,670.624964
-972.413836,250,673.118965
-327.879859,131,674.070965
-354.080755,147,675.167964
-1030.645689,292,677.398966
-304.92167,97,678.132965
160.924115,130,679.118964
-275.480554,160,680.326959
-576.197304,192,681.738117
-263.8706,120,682.625083
-1639.418525,500,686.2494
-723.366548,150,687.4084
-369.268321,152,688.578397
-387.377506,101,689.361397
-776.130065,162,690.641397
-617.783209,158,691.851399
-167.06278,101,692.593397
-358.836312,126,693.496397
-662.764583,197,694.902397
93.128464,152,695.988398
-229.263486,118,696.829398
-364.774265,94,697.510397
-235.729001,104,698.274397
-378.385357,126,699.212398
-573.679911,184,700.569399
-90.498477,163,701.783397
-179.240963,93,702.4774
-1224.718045,370,705.135397
22.653893,123,706.005397
352.593489,165,707.173397
195.887139,150,708.241398
-113.291495,87,708.888398
-581.597828,163,710.139397
-493.72236,136,711.1864
-168.569241,92,711.883397
-1341.015972,291,714.1334
-1205.121271,225,715.800396
109.215347,267,717.750397
412.175914,212,719.306398
-477.643098,104,720.068401
-59.13037,87,720.717397
-1262.455503,500,724.4694
-268.102759,110,725.299397
-254.126179,276,727.332397
-664.876386,284,729.414912
-1486.738155,500,733.014914
-340.911761,136,734.025912
-147.824706,90,734.711915
-222.249101,118,735.597911
-1029.947983,156,736.767913
-472.091208,138,737.790912
-364.764743,143,738.806912
-395.94001,185,740.121912
-1210.603521,330,742.465911
-396.038753,80,743.039912
-283.77443,165,744.240912
-167.834389,179,745.531911
-1655.615392,358,748.845911
-1005.070758,233,750.543912
-695.443639,235,752.262912
214.723886,123,753.158913
-43.143425,220,754.841911
-111.865685,145,755.967915
-1253.760453,385,758.962914
-39.747162,127,759.940911
-110.844832,115,760.776915
216.312135,121,761.661912
-434.972212,136,762.649912
-855.064889,305,764.865912
19.560776,215,766.492915
106.283789,150,767.631912
-404.932826,445,770.952912
-953.504377,202,772.388911
-895.282969,304,774.549911
182.304292,150,775.609911
-482.792865,128,776.532916
-193.40887,161,777.785914
-1193.543473,244,779.667914
-924.978225,146,780.783912
-565.303877,125,781.748914
-231.968846,137,782.781911
-895.03469,224,784.382911
116.832542,290,786.458913
-320.018419,126,787.360913
-535.839608,215,788.966911
-429.126329,140,790.018912
108.473334,142,791.084914
-663.807315,160,792.279911
-88.026251,126,793.225914
-717.489416,193,794.665911
-57.223681,122,795.563912
-351.404789,176,796.854911
-151.585563,114,797.695911
-588.092862,169,798.930912
125.021474,132,799.934914
-379.932111,76,800.526912
-614.952637,110,801.373915
-1016.688646,197,802.885912
-447.416901,483,806.538915
-530.763816,221,808.133912
-652.924707,138,809.121912
-1928.665413,500,812.714911
-537.765507,287,814.788911
-663.035714,135,815.772915
-239.892707,129,816.693912
-467.382682,216,818.217912
-1027.192216,227,819.819911
-430.272608,90,820.448913
-528.03183,133,821.862912
-134.824019,147,822.943914
-147.14091,135,823.960912
-1126.879095,281,826.100914
-356.768525,152,827.284914
-410.807923,151,828.408911
-454.385084,402,831.321912
-849.412942,235,833.031912
-29.411043,139,834.090912
-245.621189,240,835.928912
-801.323441,166,837.201915
-210.023087,144,838.303913
-352.961883,103,839.080911
-800.230262,175,840.353911
-72.190365,165,841.559912
-585.345701,136,842.551912
-506.894175,196,843.970912
-499.349979,114,844.832914
-363.428,117,845.741911
180.415373,120,846.670914
282.061622,166,847.950914
103.263746,116,848.849915
-433.755403,129,849.841914
-195.819433,136,850.863911
-732.915102,249,852.644912
91.654548,172,853.876922
-116.735983,140,854.888912
-396.603578,143,855.918911
-106.216078,183,857.286914
448.453338,161,858.490914
-72.515247,128,859.445912
-350.753001,75,859.992912
-684.008213,154,861.141914
-145.377462,233,862.823913
-513.586797,108,863.591911
-123.155212,137,864.563912
-303.028775,106,865.342912
-585.027786,117,866.207911
-297.540563,82,866.809911
-595.958347,233,868.579911
-345.352662,140,869.655913
-678.599358,190,871.118911
-640.306777,420,874.291914
313.009988,194,875.713911
-610.291896,99,876.435911
-417.970712,80,877.020913
246.944615,207,878.534914
-64.607642,249,880.406911
-171.024295,335,882.911912
-294.664676,116,883.777913
-394.772369,133,884.738911
-282.862573,98,885.428911
65.585064,287,887.456912
-596.722298,167,888.634911
-760.039702,180,889.909911
-449.406556,122,890.828912
-62.597569,122,891.752914
-295.920974,120,892.653914
-323.586178,157,893.842912
-524.637462,190,895.282912
-1266.07298,307,897.991912
-168.061477,109,898.764912
-142.572585,295,900.867911
-913.319718,221,902.446911
-582.989837,191,903.865915
-564.670731,391,906.856911
-596.939638,135,907.845912
-41.111058,238,909.588912
-116.645338,130,910.543911
-391.767973,99,911.268912
-61.073501,103,912.019912
-107.009142,147,913.132915
-1509.806459,500,917.049915
738.08233,144,918.173914
-710.684461,164,919.402912
-1034.959217,264,921.324913
-566.666112,189,922.698913
-536.922445,114,923.521913
-472.159785,146,924.581911
71.765601,115,925.429916
-2072.509587,483,929.022914
-1328.54692,304,931.194911
-421.541963,163,932.342912
-910.433692,126,933.235912
-698.695341,159,934.366913
-683.529163,188,935.731915
-513.705966,94,936.452911
-596.216125,114,937.332911
-53.408702,138,938.400631
-1286.866242,286,940.601895
-667.070016,322,942.975555
-663.438943,159,944.137048
63.848406,193,945.547132
-58.585407,268,947.541431
14.16049,208,949.096825
30.113191,155,950.264019
113.771306,283,952.408893
-112.113967,141,953.448891
-306.460365,154,954.577891
-1512.217046,246,956.384892
-389.70761,137,957.39889
-241.136685,69,957.907891
-386.746921,85,958.549891
-322.485295,104,959.34289
-948.616729,174,960.671891
-1054.260829,290,962.883893
-504.485284,82,963.506893
-1449.181186,500,967.095891
461.227871,107,967.85289
-903.156002,178,969.120891
-763.203041,153,970.628896
-276.075208,133,971.58989
-812.433185,204,973.059892
-522.781693,178,974.341891
167.650218,148,975.38889
-87.524355,183,976.669892
-199.767092,105,977.410891
-35.885839,121,978.259892
-210.588568,105,978.998893
-344.732118,78,979.546891
242.165348,113,980.35889
-305.853372,118,981.270891
214.677822,178,982.635893
-299.460666,92,983.355893
-913.555829,204,984.936893
-711.391355,251,986.857891
-868.374786,281,988.900891
-258.205865,134,989.87289
-302.457858,70,990.381891
-876.865395,461,993.820893
-220.886353,98,994.56489
-497.226806,95,995.286891
-525.057068,111,996.121891
-268.35342,116,997.002891
-345.334987,119,997.902891
-624.52563,214,999.47089
-675.257804,239,1001.184893
-694.172533,117,1002.010891
-1024.98073,206,1003.498891
-1218.093325,376,1006.406891
-1526.269156,360,1009.139895
-1307.380203,340,1011.580405
-614.394544,146,1012.634521
264.826949,164,1013.81752
-697.891737,106,1014.58203
-8.859423,197,1016.036727
-851.924816,183,1017.414727
-1542.66222,298,1019.623725
-653.641588,154,1020.775725
-239.402546,93,1021.461725
278.122225,228,1023.131725
-448.912735,110,1023.940725
-849.90497,192,1025.354724
5.085164,247,1027.238725
135.958929,130,1028.247726
418.58223,218,1029.937726
-728.311606,169,1031.24373
-640.677581,325,1033.668725
61.972983,237,1035.404725
45.005033,134,1036.387725
-325.047357,158,1037.546724
-487.335146,109,1038.373726
-269.966845,137,1039.383724
210.955434,134,1040.345725
-624.603998,176,1041.606725
-733.144228,117,1042.447734
-350.241377,162,1043.60114
45.639249,161,1045.099342
-1003.15376,275,1047.023656
-500.015577,97,1047.705655
-1213.058342,294,1049.869658
-683.509926,155,1051.027657
-832.441621,157,1052.199658
-601.335475,136,1053.209655
56.713399,213,1054.790654
-437.189316,161,1055.939656
-226.318569,157,1057.053655
-860.583469,152,1058.145655
11.701219,166,1059.355656
-594.453497,138,1060.390657
-301.210099,108,1061.219654
-1459.700674,344,1063.841654
-682.784357,152,1064.997654
340.334363,218,1066.616655
11.735724,176,1067.903655
-57.218158,186,1069.263655
-839.202928,248,1071.079656
-357.881192,372,1073.971657
-205.868948,195,1075.497658
-522.320813,190,1076.978657
-210.274706,86,1077.628655
402.158301,170,1078.849655
-155.701317,131,1079.787656
-215.799835,195,1081.185655
-1082.504455,227,1082.814658
-666.202917,127,1083.754655
-831.997184,188,1085.153658
-244.004267,125,1086.077658
-834.426523,175,1087.368654
-342.710613,200,1088.835655
-67.352772,139,1089.818655
-42.990175,107,1090.582655
157.138499,133,1091.526654
3.136155,298,1093.645656
-185.936168,103,1094.428655
325.12567,225,1096.170655
-349.062833,119,1097.069654
-607.58626,227,1098.793654
-456.711835,72,1099.344655
-820.932007,259,1101.251656
-349.940313,109,1102.038685
-784.07295,153,1103.160689
-1857.656683,350,1105.743928
-279.493814,157,1106.910931
20.522851,244,1108.734929
-518.216699,123,1109.656931
-604.476194,119,1110.55193
-463.55017,156,1111.707928
135.106687,126,1112.628928
-203.256906,233,1114.335927
-738.730943,179,1115.657932
-121.361396,103,1116.408928
-340.804142,101,1117.147928
163.17766,214,1119.744931
-330.383353,125,1120.689931
-611.012469,149,1121.804928
-537.389265,81,1122.421928
108.616643,112,1123.217928
-408.697284,171,1124.431929
-581.076168,161,1125.572928
-353.38053,89,1126.202929
-1596.184785,416,1129.165931
-358.611572,96,1129.866929
184.916891,132,1130.812928
-1045.54039,189,1132.194928
-138.472977,127,1133.096931
-905.162166,206,1134.558928
-3.627489,167,1135.74993
-1748.113541,394,1138.627928
-462.359673,109,1139.480928
-171.874507,126,1140.463931
-2588.600536,500,1144.38093
-167.591219,167,1145.638928
-447.388705,162,1146.822929
-251.020879,288,1148.918928
-727.450899,248,1150.748928
-412.865988,148,1151.874931
14.975905,213,1153.496928
-224.244124,109,1154.324931
-529.408039,196,1155.79293
-1600.642408,313,1158.032928
-195.289604,180,1159.306927
47.4842,145,1160.340927
-601.681531,160,1161.471927
-424.701257,125,1162.431931
-1021.480159,212,1164.077928
34.909663,141,1165.161929
-291.933281,107,1165.980928
-279.136129,92,1166.682928
-18.985551,140,1167.758928
-225.527571,105,1168.510929
-45.261038,72,1169.027928
-328.307238,119,1169.880929
-44.665195,84,1170.481928
-991.662559,176,1171.746927
-335.932376,98,1172.448929
-1165.182479,500,1176.15893
-553.416273,146,1177.256929
-112.051614,246,1179.090928
-407.87113,199,1180.551928
-261.629423,234,1182.272928
-436.194331,95,1182.968928
-71.684495,103,1183.725928
22.37154,156,1184.900928
-111.580389,129,1185.898928
245.267271,188,1187.338932
-335.590082,154,1188.499931
100.832004,283,1190.671928
-454.568775,138,1191.678928
-201.902861,110,1192.488928
-297.061275,229,1194.603927
61.304944,167,1195.80593
-370.945206,178,1197.083927
-251.066162,163,1198.263928
-217.739711,86,1198.889928
-461.130238,141,1199.921931
-1079.081403,353,1202.450929
-114.961276,95,1203.116928
-746.478939,245,1204.834928
51.392376,152,1205.910928
-817.739683,106,1206.659928
-234.54513,167,1207.902929
95.326672,179,1209.228928
-656.269939,127,1210.17293
-714.562196,167,1211.441931
-403.5712,91,1212.126931
-275.250526,155,1213.269928
-435.899892,101,1214.003929
136.592239,138,1215.002928
-567.298604,162,1216.178928
226.433306,141,1217.202929
-146.2477,169,1218.446959
-503.686735,102,1219.225959
-181.372104,174,1220.542958
-425.008216,71,1221.084957
-392.36624,83,1221.71096
-342.998401,152,1222.865957
-39.431387,105,1223.666958
-1011.30492,264,1225.61396
-385.92564,186,1226.969962
-2609.02823,415,1230.056958
217.350852,227,1231.831958
-120.721039,176,1233.202958
-100.221907,92,1233.915957
-190.040106,101,1234.702957
-48.700516,196,1236.174961
-370.857189,118,1237.022959
-212.323337,183,1238.335957
-543.467066,96,1239.02196
-621.181327,253,1240.833957
-26.212371,127,1241.761958
-459.186523,145,1242.833958
-234.189563,89,1243.501958
-82.414944,126,1244.440957
37.566728,146,1245.525959
-30.510577,106,1246.312959
-397.55759,110,1247.115957
-331.394383,83,1247.703961
-1268.735746,488,1251.168959
-110.574313,124,1252.066961
-258.447948,98,1252.820958
-230.295633,98,1253.582959
-47.07266,111,1254.438957
-710.013846,115,1255.324957
-236.552211,132,1256.339959
-177.234369,142,1257.434958
152.460185,160,1258.65596
-380.301761,103,1259.412961
363.771518,253,1261.25596
818.025476,250,1263.086957
-930.466599,332,1265.574958
-171.891302,89,1266.241959
-741.028352,248,1268.877958
-21.329666,151,1270.001961
-418.992428,84,1270.617959
-148.553002,155,1271.759961
18.540305,116,1272.587961
-1276.321363,366,1275.197962
352.543501,120,1276.090958
-261.646913,102,1276.848957
38.89102,209,1278.433959
-399.237989,184,1279.795959
-630.368404,198,1281.251961
98.569287,122,1282.140957
-304.926613,125,1283.056958
-280.010545,118,1283.91896
-487.46358,116,1284.77096
-237.764157,124,1285.676957
-309.595909,186,1287.022958
-113.945303,260,1288.861958
409.323883,207,1290.349957
-42.683301,165,1291.604958
-1527.490055,350,1294.158961
-228.621752,173,1295.425957
-178.464402,123,1296.323959
183.145181,161,1297.536959
-57.213941,192,1299.039958
-505.169034,165,1300.334958
-157.112693,135,1301.391958
-440.877225,116,1302.294957
-60.018844,125,1303.265959
-392.824518,217,1304.851921
-432.591016,109,1305.639922
-628.265663,245,1307.422922
-182.006576,80,1308.000921
-384.301303,326,1310.443925
-857.902724,224,1312.113921
543.8047,242,1313.904921
-275.526982,190,1315.278922
-715.433733,154,1316.371921
-774.883243,186,1317.691922
585.117945,215,1319.224921
-672.820806,156,1320.366924
168.51511,224,1322.105924
-244.125711,92,1322.815923
-480.666206,326,1325.347924
352.946199,202,1326.855921
-1397.602035,222,1328.456922
-729.316262,173,1329.707924
-441.220586,143,1330.754921
360.306469,238,1332.519921
30.423809,112,1333.36492
-891.687683,317,1335.740922
-52.490329,91,1336.423921
-1148.369515,368,1339.151922
-2678.584527,500,1344.722349
-209.446775,138,1345.782349
-63.234463,128,1346.75935
-2128.754169,335,1349.286358
-381.62863,140,1350.29735
-41.325756,116,1351.13935
-278.88189,133,1352.083351
-288.510798,113,1352.888349
-842.891086,182,1354.176349
-150.800545,119,1355.026349
141.887845,147,1356.101352
963.87382,192,1357.48335
-576.196507,268,1359.42835
-527.409506,247,1361.171351
-837.033479,196,1362.55735
-2.533108,99,1363.25435
-376.888652,127,1364.152349
-1457.550428,460,1367.572349
-984.157414,153,1368.732352
-1615.102828,422,1371.92535
-160.712069,106,1372.693351
-262.303806,422,1375.75735
-1135.129186,458,1379.238353
78.931587,124,1380.183349
-138.568398,153,1381.356352
-196.088442,247,1383.180349
-34.89876,151,1384.27835
361.433709,172,1385.540351
-297.913193,314,1387.876349
-1319.909763,294,1390.163352
-2400.618402,500,1393.98135
-436.816153,159,1395.121349
-1141.689906,289,1397.20035
-590.034915,133,1398.155858
-430.339705,171,1399.39387
-231.494738,117,1400.269108
-401.130877,274,1402.288859
-337.021233,315,1404.628858
-88.688197,167,1405.813856
273.33361,231,1407.454855
-118.851236,127,1408.373855
-291.777695,90,1409.032856
-287.633911,172,1410.309855
-651.533344,83,1410.946855
-481.11908,230,1412.732857
-761.819625,282,1414.894855
-150.376931,161,1416.132855
-2482.704939,500,1421.729856
-311.689628,183,1423.092855
-2188.0877,402,1426.091856
-512.797857,81,1426.698856
-488.230354,260,1428.615855
-6.583514,185,1429.959855
-124.328779,177,1431.203856
-242.161059,281,1433.236855
-474.802398,102,1433.989855
24.176275,133,1434.963855
-653.735465,96,1435.676856
-33.697302,173,1436.927855
-2087.911303,438,1440.123856
-250.424559,91,1440.781856
-653.355767,198,1442.197856
-209.773621,141,1443.192876
-206.543761,252,1445.004479
-1223.750177,234,1446.679442
-717.352389,173,1447.92161
328.712874,357,1450.588495
429.054105,244,1452.375516
-491.801236,212,1453.914517
-377.868332,82,1454.510517
-183.339975,95,1455.236519
-808.945906,218,1456.93052
-582.409988,317,1459.397595
-41.796419,223,1461.108131
-943.255917,144,1462.1511
-1255.854166,500,1465.795029
-611.523137,153,1466.946007
-669.030552,118,1467.839974
-546.686972,236,1469.602943
-325.480266,152,1470.734919
206.849486,114,1471.582887
-59.42544,315,1473.839346
-310.514844,82,1474.422345
-359.44964,100,1475.137345
-2730.976431,500,1478.825349
-1316.843224,271,1480.90235
-784.212395,209,1482.501346
-591.655328,195,1483.962347
-365.669642,89,1484.604346
196.629269,143,1485.629345
356.329085,306,1487.858346
143.518068,129,1488.807346
-1055.458793,398,1491.804347
-989.537362,500,1496.417345
-369.944328,344,1498.937345
-167.624624,137,1499.938346
280.585803,200,1501.481345
-236.688157,111,1502.329348
-164.685658,157,1503.534348
301.556971,144,1504.646348
-1328.48661,500,1508.356347
-240.360279,182,1509.650345
-451.373012,239,1511.360346
-169.545029,179,1512.654346
-212.480476,194,1514.055346
236.202692,266,1515.980348
544.562857,123,1516.863348
-383.322742,140,1517.852346
642.281096,165,1519.016348
-187.981062,137,1519.978347
-531.337459,417,1522.944345
71.80271,126,1523.898348
236.641506,215,1525.526348
-1007.103901,443,1528.972347
334.687974,273,1530.952346
352.948989,169,1532.178346
-382.24458,114,1533.001346
-203.097979,113,1533.822345
-403.709716,160,1535.042349
-521.275784,233,1536.828345
-785.431781,149,1537.969348
-21.726334,146,1539.085347
-126.551196,122,1540.012346
-250.344731,156,1541.148345
-208.497968,124,1542.057346
76.229728,115,1542.888347
53.709114,288,1544.991346
-186.113205,117,1545.864349
-651.729756,227,1547.628348
-1851.131233,383,1550.567346
-1129.447673,275,1552.599347
-343.730606,147,1553.651345
-118.544175,144,1554.682345
-442.504245,156,1555.798346
-268.334388,159,1556.946345
-449.436973,125,1557.875348
-433.56539,120,1558.772347
87.853145,125,1559.713348
-866.711492,230,1561.406346
-290.511998,101,1562.154348
68.235636,103,1562.902346
-340.108233,149,1563.963346
-326.067978,157,1565.101347
-20.891097,138,1566.110345
-411.456557,108,1566.910352
-375.919441,114,1567.749346
66.481275,155,1569.360348
73.642816,115,1570.246345
68.894094,132,1571.265346
-220.933165,227,1572.99535
-468.080405,165,1574.274347
426.420694,151,1575.386346
776.56455,197,1576.833346
-884.853428,251,1578.680346
574.759689,290,1580.831347
-581.93433,149,1581.94835
-865.293198,276,1584.007347
-1023.181639,226,1585.666345
-302.704117,119,1586.502346
-1018.424361,225,1588.101345
-561.752624,242,1589.816346
-656.335491,140,1590.820348
-15.529888,125,1591.791348
-1444.36895,208,1593.327346
-258.036438,130,1594.294348
-767.862997,182,1595.642345
254.635918,152,1596.748346
-382.134698,129,1597.665347
-122.460763,135,1598.628345
-440.008392,123,1599.506346
244.082119,161,1600.647346
-2240.714648,500,1604.30235
-607.111351,156,1605.491348
-1466.510459,353,1608.180345
213.691707,266,1610.120347
-167.920186,92,1610.791346
-346.402407,163,1611.981346
217.495869,168,1613.204349
-239.384755,116,1614.095349
20.774931,269,1616.192349
7.962918,112,1617.066348
-364.654881,228,1618.841349
310.366966,149,1619.957346
-188.289088,143,1620.996346
-913.455594,177,1622.284346
-531.694549,186,1623.631346
-458.350184,167,1624.828347
-289.204168,124,1625.751345
-680.710018,144,1626.817345
-190.796038,96,1627.534345
-377.620736,109,1628.341408
-147.613534,94,1629.038408
85.642453,161,1630.221408
216.533797,116,1631.050409
-13.501069,159,1632.178409
146.07955,274,1634.136408
-375.435501,111,1634.930408
757.26723,215,1636.52141
-1707.432484,414,1639.739411
-1174.385386,273,1641.847411
250.578912,224,1644.870408
-859.638246,321,1647.229409
-48.239313,135,1648.235408
-178.295706,127,1649.187408
233.544551,210,1650.759411
83.54479,223,1652.426409
-249.27442,187,1653.82241
25.182394,149,1654.920409
-1489.818065,500,1658.612411
-1198.060633,266,1660.64441
-599.005398,180,1662.047408
-194.065492,98,1662.804408
-568.475654,128,1663.780409
-1382.885465,274,1665.769408
-320.576881,98,1666.462407
-340.349049,91,1667.106409
-1127.773421,243,1668.839409
-532.334543,163,1670.011408
-74.672546,105,1670.766409
170.090405,152,1671.851408
-768.535077,143,1672.862408
-716.322516,178,1674.143408
114.643041,121,1675.021408
-18.185081,154,1676.112408
125.590016,134,1677.052409
197.858987,147,1678.092408
172.344194,111,1678.872409
-452.952415,140,1679.861412
-105.448848,132,1680.801408
-268.088317,120,1681.74341
-132.088336,132,1682.777411
-843.067062,203,1684.349411
25.561207,216,1686.034411
-177.729447,164,1687.296408
-138.226051,99,1688.014415
216.239075,171,1689.253408
-2332.745134,380,1692.010409
172.306412,136,1693.029409
-1773.174913,472,1696.622408
-922.051603,207,1698.190411
-224.044803,106,1698.978409
44.39416,232,1700.671407
124.153022,149,1701.73741
-226.493335,122,1702.596409
-227.341849,158,1703.714408
-1188.667407,283,1705.889419
-653.646319,154,1707.093411
-267.885829,170,1708.401412
-477.166514,150,1709.555408
-150.048571,121,1710.448409
-137.323242,269,1712.371408
-224.327808,149,1713.436408
-732.277312,148,1714.495409
-728.514864,245,1716.295411
-61.908019,150,1717.405411
-261.957757,206,1719.654408
-509.608052,123,1720.57441
-283.522836,113,1721.412408
48.934433,154,1722.552409
-1915.630655,489,1726.162416
-142.497602,129,1727.148408
-587.988842,288,1729.367408
-1586.279395,293,1731.621408
-2702.430526,500,1735.339409
-336.989522,124,1736.241408
-251.340242,143,1737.290408
-155.188198,121,1738.184411
-253.035218,151,1739.321408
-430.72917,185,1740.696408
117.854135,143,1741.735408
171.137757,197,1743.150408
-133.09961,226,1744.754418
49.430749,166,1745.932409
606.957178,177,1747.177408
-827.526884,245,1748.915409
-10.123173,93,1749.608411
227.824765,165,1750.863411
292.881074,200,1752.36041
-108.010314,211,1753.938408
-137.813709,112,1754.78841
-907.064059,251,1756.578408
-391.998656,172,1757.803413
277.758737,203,1759.259409
-274.855894,163,1760.459408
-1780.59868,436,1763.768408
-89.331469,100,1764.534408
-1101.208315,361,1767.248409
-296.322283,164,1768.449409
-1125.839538,207,1769.952408
109.887778,140,1770.975408
-452.06198,108,1771.771411
-341.29608,95,1772.515408
-518.25777,172,1773.849408
466.396789,277,1776.007411
325.89451,213,1777.680408
-466.348517,215,1779.251408
175.208091,247,1781.017408
192.669237,185,1782.340408
-169.370833,245,1784.140409
217.392998,272,1786.166408
-142.060561,137,1787.19741
-1197.936023,274,1789.237409
9.46301,206,1790.70741
-68.476781,107,1791.465408
-927.71883,345,1794.484408
-365.608998,195,1795.99541
309.910854,104,1796.797408
-424.385211,160,1798.037411
-951.298065,205,1799.62841
119.422553,177,1800.959408
107.906922,115,1801.801408
219.6734,247,1803.614408
-361.694742,129,1804.563409
279.732008,178,1805.87041
-285.629477,158,1807.060418
-522.130894,195,1808.530408
-2538.4981,500,1812.291408
27.397437,120,1813.167408
-152.601863,92,1813.839408
434.056417,154,1814.976408
71.738551,173,1816.248408
160.652241,126,1817.176408
-314.834319,121,1818.098409
-601.70382,129,1819.05441
-513.377936,213,1820.675411
373.938122,159,1821.883408
-440.562647,172,1823.162411
-302.270774,120,1824.015409
-1504.378886,393,1826.809408
-303.756186,103,1827.534409
-27.979648,108,1828.300408
-494.738583,109,1829.081411
-932.620994,200,1830.52141
-77.982164,227,1832.175408
-287.285586,208,1833.662408
-461.973459,177,1834.923411
-196.075581,132,1835.852408
152.55471,140,1836.862409
150.3389,195,1838.290409
-220.349272,316,1840.664408
556.735747,358,1843.452411
294.431677,186,1844.90741
-309.469188,135,1845.953409
-147.922958,138,1846.951409
467.379318,194,1848.361409
-2094.375892,500,1852.063411
13.722526,148,1853.187408
-615.961177,158,1854.380092
-710.704369,234,1856.165128
-102.841156,110,1856.985127
-509.851101,224,1858.582128
-116.62863,131,1859.513127
-331.716533,123,1860.386132
-298.294934,126,1861.281128
-87.964859,183,1862.593131
-277.20057,146,1863.716128
292.813289,218,1865.406129
-388.928427,146,1866.535129
-342.699725,160,1867.767132
-168.372847,173,1869.685127
-1432.376592,333,1872.075127
-786.533167,233,1873.745128
-829.665776,188,1875.150396
-35.213013,117,1876.022396
-379.314936,220,1877.682396
-76.747536,147,1878.783397
-370.954334,110,1879.606398
-395.359617,191,1881.015396
-683.082871,225,1882.6815
-350.053201,211,1884.229499
-550.493501,182,1885.589504
-583.967762,203,1887.155499
-673.192805,163,1888.412499
-866.690958,181,1889.7965
19.821517,145,1890.9195
51.244696,150,1892.033412
57.986915,119,1892.901232
-236.001573,103,1893.65123
-194.305342,214,1895.219239
-294.10193,237,1896.931185
-1218.200402,500,1900.528028
25.310877,144,1901.576029
-3.677142,188,1902.909002
-329.202604,116,1903.724001
-261.416132,119,1904.558913
-1360.805352,319,1906.80666
97.904989,332,1909.226332
-881.511933,250,1911.119328
-339.996355,160,1912.326328
-145.84636,164,1913.536329
96.051289,108,1914.299328
104.053803,150,1915.396331
-641.895505,186,1916.746331
160.778813,305,1918.983328
-229.194697,113,1919.843328
-141.428592,113,1920.689328
20.234782,328,1923.178329
-255.953054,92,1923.885329
-264.950841,91,1924.571335
-554.267213,199,1926.036329
-1641.91269,362,1928.683657
-409.565532,166,1929.898512
-254.565341,131,1930.900911
-40.774827,250,1932.837911
211.945224,256,1934.811912
-1036.619731,392,1937.733773
-291.51103,127,1938.641671
-1099.758931,291,1940.723665
-419.444519,112,1941.525163
-270.015348,303,1944.517164
-506.178936,155,1945.665163
-491.006362,267,1947.629164
139.199228,209,1949.107218
-896.384272,219,1950.667218
-992.481707,180,1951.939177
-143.06049,105,1952.704043
-32.418208,124,1953.662038
277.228627,155,1954.849039
-441.858052,381,1957.819039
-131.658228,134,1958.850039
-329.456903,112,1959.674177
-535.294169,194,1961.102637
-8.889797,111,1961.922638
-122.711903,112,1962.743637
-401.921016,139,1963.764637
-192.781406,135,1964.776637
-477.945361,133,1965.795638
46.934364,122,1966.741637
67.83372,221,1968.390637
100.138743,122,1969.332637
920.841642,219,1970.944637
-210.395336,134,1971.934638
-80.309919,211,1973.458637
125.57,101,1974.170643
46.487655,167,1975.348637
-1470.387632,350,1978.001637
-135.538503,198,1979.492638
-1750.035282,473,1983.041636
-166.008626,146,1984.08764
-531.582944,253,1985.899637
-379.475903,71,1986.424639
-403.428193,204,1987.873636
2.844421,219,1989.447637
-517.780073,101,1990.185638
-991.665662,226,1991.879636
-485.462913,167,1993.133637
-672.95207,220,1994.776637
-41.795179,126,1995.714177
-1032.714027,229,1997.420179
-193.878142,242,1999.275176
-543.694769,424,2002.563177
-745.799081,174,2003.912177
-78.518272,155,2005.067176
-606.884772,173,2006.31918
-352.973997,109,2007.112178
-1907.092135,466,2010.573176
120.013836,299,2012.804176
-523.761586,290,2014.967175
-384.391877,171,2016.213178
-1980.864263,500,2020.982177
122.939051,158,2022.215177
-543.261169,143,2023.310177
-449.879217,152,2024.477177
35.010599,115,2025.377177
-343.511794,152,2026.562178
-38.114757,183,2027.893177
-404.69851,216,2029.444179
303.624241,142,2030.471177
-147.61781,193,2031.872177
-201.442351,158,2033.057177
1224.631834,399,2036.086177
-235.748644,128,2037.052176
122.878589,139,2038.094177
243.966645,270,2040.092179
-154.438945,128,2041.048177
-27.066905,94,2041.750176
414.616776,214,2043.327176
-536.747691,177,2044.673177
-77.329781,125,2045.653176
499.386609,148,2046.810177
-356.351916,95,2047.545176
-269.466002,106,2048.356178
-165.357081,111,2049.220176
87.874193,150,2050.345176
-1045.700629,132,2051.291893
-461.865633,210,2052.784893
-121.307164,101,2053.50589
211.258194,165,2054.70389
-133.646536,127,2055.61589
428.440436,170,2056.84889
-49.480956,113,2057.67189
-194.81278,103,2058.40089
-327.713632,115,2059.236889
-63.479785,95,2059.91589
-566.368796,177,2061.214889
-199.267216,122,2062.078894
-293.601536,159,2063.19989
-1279.768947,331,2065.542889
528.715589,150,2066.62989
-561.458758,210,2068.21089
-338.139029,107,2069.05189
300.221675,173,2070.385891
-592.250183,170,2071.72389
-1118.786172,267,2073.69989
-70.356873,96,2074.395892
-583.706757,158,2075.54589
336.927265,180,2076.853891
215.95058,128,2077.78589
-310.085331,135,2078.81389
-791.69214,227,2080.55489
880.336866,252,2082.482891
133.090062,204,2084.046892
-1061.07469,248,2085.88289
-762.798144,248,2087.707889
118.419147,185,2089.021894
-572.702105,208,2090.63289
282.797986,265,2092.674891
-189.335349,104,2093.962891
-93.863831,160,2095.20489
-264.835098,138,2096.206894
-1610.39108,470,2099.578889
639.765609,213,2101.105891
108.931161,268,2103.10889
-234.559774,148,2104.227891
-312.68169,165,2105.436889
97.518886,182,2106.76689
-375.860901,319,2109.118399
-92.92403,138,2110.1434
-201.09337,110,2110.9594
-469.249286,124,2111.882399
-569.405605,115,2112.753399
136.541864,149,2113.8944
-385.556422,186,2115.2764
-50.515909,156,2116.431399
351.258438,144,2117.5594
-660.414441,337,2120.0774
114.133787,133,2121.0604
-291.388798,119,2121.931399
662.529474,131,2122.888399
-1057.017956,230,2124.603399
-125.916467,309,2126.944401
613.874265,200,2128.3884
376.211625,190,2129.7614
-123.557707,131,2130.686399
-94.301378,98,2131.381402
-274.169245,357,2133.902399
176.985321,194,2135.323399
-134.991884,127,2136.281399
468.971681,223,2137.962399
96.505521,153,2139.107398
824.332318,183,2140.4584
72.714929,120,2141.3134
651.085656,180,2142.577401
145.841568,115,2143.399403
-938.454061,201,2144.834402
624.418126,140,2145.8524
-67.617568,92,2146.5524
204.857837,158,2147.758399
-1729.460334,500,2151.538399
-238.744062,106,2152.309401
-463.241572,203,2153.7994
-217.423746,129,2154.7444
-263.482565,148,2155.8234
52.954438,193,2157.2444
-208.879015,112,2158.1214
260.483835,229,2159.919399
-126.601374,171,2161.2724
448.607584,160,2162.527399
-216.934106,112,2163.4104
-506.259284,189,2164.807402
-2133.04618,469,2168.7964
-1828.500527,498,2172.4714
722.530972,217,2174.066399
73.158341,115,2174.906399
-485.197544,148,2175.956402
410.885901,181,2177.240402
-998.130424,284,2179.258399
-511.279337,129,2180.19091
-111.874495,180,2181.565909
890.157352,174,2182.896105
-329.072296,167,2184.170108
-878.961814,295,2186.443199
616.464702,263,2188.37477
128.85754,140,2189.400771
-118.886389,146,2190.473771
-234.325878,308,2192.78277
-373.821401,144,2193.873771
409.094301,240,2195.68477
-70.991006,189,2197.117771
-225.062392,166,2198.35077
186.842939,221,2199.98577
126.713993,196,2201.446772
-288.016337,116,2202.30677
57.961838,226,2203.983772
-616.316198,266,2205.997771
-62.423888,147,2207.11577
-44.098433,181,2208.492771
-2762.624493,500,2212.119773
-324.158092,100,2212.830772
-362.14982,193,2214.207771
-323.436617,135,2215.168775
-37.89309,94,2215.84677
-708.293758,204,2217.306772
532.520627,178,2218.582774
-781.356842,233,2220.244771
-264.06638,101,2220.972772
-375.858959,207,2222.490478
-1092.631942,276,2224.537481
-357.487825,137,2225.543483
-129.039832,146,2226.68548
442.520303,170,2228.013988
-326.772699,155,2229.228987
-360.954055,149,2230.391988
877.231973,209,2232.015986
261.276805,164,2233.214885
-96.482523,137,2234.208833
175.938463,170,2235.448319
-156.996506,128,2236.378218
-348.762286,120,2237.253303
-355.598499,132,2238.259303
-2488.574839,500,2242.028182
-611.338166,203,2244.820185
-569.707789,206,2246.285079
-312.645071,126,2247.183043
-247.327058,94,2247.850949
-525.053756,151,2249.002842
-1892.592441,500,2252.891845
-612.967247,464,2256.346845
554.670838,195,2257.753847
-90.739393,96,2258.435845
378.422481,154,2259.540733
-469.633175,264,2261.531734
-167.69261,116,2262.411732
72.16575,136,2263.431732
-202.601373,102,2264.192732
-981.829688,218,2265.824733
534.991157,247,2267.650733
-59.992983,271,2269.657862
498.97124,196,2271.109009
-278.130528,139,2272.18401
618.744215,162,2273.438009
34.110152,129,2274.43801
-2238.284806,500,2278.26701
-499.677678,154,2279.398012
307.551015,188,2280.76001
-212.894268,126,2281.66001
872.535973,201,2283.104009
-458.848123,93,2283.771009
-493.281774,124,2284.657009
294.046217,132,2285.604008
-129.587663,123,2286.484009
-167.452344,133,2287.43801
815.359988,154,2288.540009
-20.516997,183,2289.83401
200.005259,131,2290.756012
592.889865,153,2291.842009
191.28181,190,2293.195009
-167.960985,237,2294.966009
-132.206152,91,2295.653011
-78.747353,142,2296.741009
-109.393114,156,2297.92801
-1168.528341,311,2300.346012
961.687444,191,2301.73601
-315.597199,184,2303.06801
174.40839,116,2303.909011
-1053.430584,229,2305.584009
-511.31587,124,2306.540009
-67.678797,132,2307.550009
-882.531429,134,2308.576011
102.156215,185,2310.000009
-294.556581,140,2311.070009
-986.183882,204,2312.58101
-49.057582,167,2313.817009
361.552925,138,2314.840009
-236.774551,100,2315.586009
82.342784,114,2316.428009
-420.854812,181,2317.811009
-739.795481,178,2319.62401
-53.918593,143,2320.727009
55.014625,215,2322.38701
-174.081112,100,2323.162012
-62.927131,148,2324.216009
-65.370422,114,2325.034009
556.505531,184,2326.355011
-447.289871,88,2326.98501
-113.711418,155,2328.093009
106.567239,136,2329.10201
-723.455369,152,2330.23801
-435.872532,96,2330.96701
90.984438,158,2332.170009
555.648574,178,2333.497009
101.970202,262,2335.381011
-1511.900401,340,2337.872009
-60.772764,101,2338.618012
-243.533488,147,2339.709009
-555.348313,202,2341.264009
489.063222,179,2342.65901
-272.375108,336,2345.255009
229.156985,123,2346.208011
1.272628,176,2347.50901
-94.830256,136,2348.508012
-195.29134,185,2349.857009
165.20889,307,2352.133009
-192.847609,130,2353.115009
-1532.109426,237,2354.915009
-361.976909,129,2355.878008
662.329801,287,2357.940009
-418.257229,157,2359.058895
-278.335877,138,2360.039895
-152.113642,170,2361.239897
-307.413335,320,2363.577896
-758.565666,182,2364.954896
-616.40756,129,2365.941895
-755.826878,193,2367.401896
-1063.359368,179,2368.742894
-453.374509,150,2369.817897
292.453516,177,2371.075895
-114.148709,147,2372.124894
-2444.700827,434,2375.298877
252.874187,207,2376.888874
-1180.280983,224,2378.591875
-1013.250601,153,2379.764876
-712.938171,155,2380.931918
-28.068183,291,2383.074306
287.408826,145,2384.145314
-351.606682,119,2385.021313
-128.789833,170,2386.298312
-130.530326,119,2387.237313
642.815759,120,2388.177313
-513.649256,168,2389.494316
-136.008645,150,2390.675348
-280.880103,121,2391.609582
-522.206969,177,2392.921959
290.139819,170,2394.728925
489.675272,212,2396.254889
209.630737,130,2397.194861
120.704796,170,2398.438854
4.810048,97,2399.141186
21.383817,150,2400.252184
-306.617476,325,2402.646186
-1995.492529,500,2406.203183
-1059.924018,178,2407.469184
-528.289119,79,2408.027184
384.401051,168,2409.303183
529.411386,182,2410.723183
612.49035,200,2412.244186
-230.251887,154,2413.442186
372.548373,184,2414.849185
27.200763,116,2415.699183
20.800683,194,2417.131184
-961.067759,175,2418.419184
843.859085,213,2419.989183
-645.166125,116,2420.866187
-342.035646,115,2421.730187
-942.622234,189,2423.177184
-703.887739,114,2424.047184
-895.278554,155,2425.218187
-126.872335,154,2426.376184
-125.359677,175,2427.677185
-621.331474,149,2428.778183
242.45054,141,2429.823183
174.794939,169,2431.077184
532.536292,188,2432.463186
131.288664,113,2433.316182
134.859296,154,2434.486184
-183.945118,127,2435.456184
6.988397,137,2436.520183
-1319.174539,253,2438.393183
172.500481,165,2439.569184
-683.161567,137,2440.554185
291.953779,172,2441.786187
-240.518618,160,2442.928184
-551.674115,117,2443.785187
143.713854,149,2444.864187
-149.176388,83,2445.460186
737.692508,170,2446.688183
181.727578,174,2447.949187
-209.47775,115,2448.769184
-2514.026551,450,2452.089182
-516.891989,164,2453.280182
-1034.51009,206,2454.849183
-550.259987,126,2455.828184
806.889879,179,2457.229184
-504.246403,129,2458.233183
-228.663099,173,2459.588187
-527.61895,116,2460.490183
-893.06213,203,2461.973183
65.699148,120,2462.845183
290.254111,216,2464.418184
-1695.089484,367,2467.169186
5.038729,112,2468.486183
-730.212639,142,2469.564186
-220.58971,199,2471.047184
-537.933915,202,2472.509184
-410.571887,152,2473.592184
-16.185895,153,2474.677188
-924.737186,247,2476.436183
-867.470915,500,2480.261187
-2590.145842,488,2483.984183
284.148881,148,2485.044183
-93.944324,137,2486.024183
-447.662251,154,2487.129184
71.764826,124,2488.028184
-196.34884,130,2488.990214
-2668.132155,500,2492.752212
-364.694873,286,2494.897212
266.925457,141,2495.943212
-289.08591,117,2496.811211
16.690748,120,2497.695212
-396.030254,254,2499.575212
-20.021145,132,2500.564212
213.68459,161,2501.809211
-74.479122,128,2502.794212
-533.946995,163,2504.050211
-56.719364,184,2505.471214
-180.724331,131,2506.473212
-133.850011,118,2507.331211
-202.93574,96,2508.012212
-77.393804,126,2508.908212
-187.593304,109,2509.683211
621.402515,202,2511.115212
-0.66769,137,2512.096212
-618.283719,151,2513.186212
-11.355676,136,2514.165211
-74.825512,108,2514.950212
-117.935828,109,2515.727212
261.98681,119,2516.579211
79.736021,109,2517.361212
-633.179334,131,2518.266212
-144.182845,183,2519.556212
-124.588182,149,2520.607212
-50.034561,93,2521.256212
37.015389,277,2523.238212
-129.297253,114,2524.102211
759.957673,127,2525.063212
-159.531118,102,2525.856212
281.973774,166,2527.152212
-13.935587,107,2527.951223
-542.9442,149,2529.095222
153.94273,136,2530.084222
306.706791,158,2531.226222
-158.295211,123,2532.120222
-639.004253,227,2533.766222
-267.658149,132,2534.760221
64.462586,124,2535.702224
-115.765739,132,2536.711221
101.284155,140,2537.767222
798.746451,168,2539.050222
-217.041803,116,2539.942222
-362.640764,100,2540.690222
191.913652,135,2541.682222
-129.752104,137,2543.213222
-768.365497,175,2544.502222
-2895.126757,500,2548.289222
275.836066,140,2549.359223
-205.428422,94,2550.073222
209.620301,224,2551.767222
60.435407,135,2552.705222
-98.056405,139,2553.669222
-470.05749,189,2554.991222
-137.402642,130,2555.908221
-483.580329,94,2556.558222
-234.163159,104,2557.303222
-1107.021661,284,2559.415472
-978.923095,232,2561.127472
580.216305,212,2562.704472
285.091718,135,2563.666474
57.91705,136,2564.651472
-146.010137,135,2565.652472
-377.008457,141,2566.704472
436.930113,168,2567.955472
62.217011,249,2569.873473
187.132029,130,2570.892473
865.307894,264,2572.954472
-307.07003,167,2574.266473
-671.65803,167,2575.507472
43.773753,253,2577.376478
-30.319195,92,2578.055473
-120.797302,136,2579.052472
-367.170783,267,2581.037472
131.994112,138,2582.080472
95.511022,202,2583.597472
151.078095,120,2584.484472
-25.165203,110,2585.278473
14.975159,182,2586.567472
248.33465,176,2587.813472
-390.067224,187,2589.134471
55.270041,175,2590.373472
-510.43702,170,2591.583472
361.347655,208,2593.163473
-179.614797,177,2594.494472
-1239.918714,500,2598.253472
-276.149493,131,2599.190477
-70.484003,158,2600.326472
-1328.959291,322,2602.649473
-1203.912958,228,2604.391472
354.795284,174,2605.721472
105.244375,205,2607.290474
94.461108,155,2608.474474
-49.353846,129,2609.434472
-469.941651,132,2610.409472
-1394.492364,424,2613.545472
44.560661,108,2614.349473
-1273.845832,210,2616.006473
-979.709496,186,2617.937473
-58.273428,124,2618.922472
-917.964461,194,2620.448474
112.792658,184,2621.794475
-51.278601,133,2622.748474
-444.382616,153,2623.839474
-684.966115,166,2625.032475
-120.723006,165,2626.217472
-260.606068,166,2627.444473
-361.422814,97,2628.156472
-566.329267,127,2629.101473
-149.214184,108,2629.905473
397.906378,128,2630.840472
28.665469,137,2631.834473
-219.061103,96,2632.515471
-227.904916,125,2633.409473
-551.251341,196,2634.801475
179.790084,188,2636.135471
430.52505,245,2637.952472
778.078001,200,2639.487473
-160.12853,130,2640.499473
-550.598111,186,2641.948472
-53.491526,135,2642.986473
-557.84814,153,2644.126472
-704.971917,276,2646.160475
-461.768995,166,2647.388473
-759.091944,314,2649.725473
85.785952,253,2651.645472
-535.008993,162,2652.871472
-3.017805,143,2653.956472
-227.142656,124,2654.883472
295.157492,226,2656.563476
-339.394928,105,2657.341472
28.158579,149,2658.451472
-934.77136,232,2660.119472
-752.485525,159,2661.319473
442.851463,138,2662.356473
-88.860699,96,2663.081472
-313.951524,161,2664.314473
-171.460963,155,2665.498472
-468.88629,156,2666.648472
613.059716,202,2668.096472
-47.357115,168,2669.293472
319.576338,135,2670.262472
-376.863176,144,2671.294474
-311.324841,154,2672.391472
-698.400463,156,2673.511472
-2027.526954,292,2675.620472
-908.183301,156,2676.750473
134.020876,154,2677.881472
502.584169,146,2678.954474
69.822163,186,2680.327472
330.632211,170,2681.572472
-145.466143,132,2682.548472
-213.690446,140,2683.634472
-918.275373,281,2685.849473
532.905867,164,2687.138472
-58.601449,128,2688.149473
-1267.40258,209,2689.735477
458.731784,236,2691.452475
686.312875,140,2693.546023
48.644529,150,2694.677022
-2086.833004,500,2698.511022
-36.745604,204,2700.040022
-2035.021509,500,2703.582024
-210.276434,118,2704.419024
-801.530006,341,2706.965023
216.179264,176,2708.328531
264.40919,154,2709.520042
-264.716286,142,2710.617041
-497.349591,190,2712.06155
-903.248903,228,2713.699
-1482.348438,321,2716.003767
-299.663004,186,2717.376764
-376.900822,75,2717.941763
-318.922057,305,2720.240764
-2860.634413,500,2723.989765
317.029936,289,2726.140764
-138.834896,169,2727.395764
311.525905,202,2728.917763
-1899.528232,468,2732.575763
-44.256261,131,2733.599763
121.42123,120,2734.545764
-575.197049,136,2735.549769
-2093.578682,449,2738.780763
-512.29845,137,2739.759764
-1745.551667,340,2742.214764
-247.911024,126,2743.127763
-264.787557,158,2744.265763
-255.293935,111,2745.071763
-2344.835217,500,2748.645616
-302.861942,140,2749.633617
-573.981044,450,2752.931616
668.449799,203,2754.515516
64.026784,139,2755.623514
-2831.634656,500,2759.400373
-308.115292,135,2760.379374
-202.05159,335,2762.82428
241.701856,181,2764.21728
-376.269413,253,2766.15628
-163.427659,176,2768.211282
82.723401,274,2770.254478
-281.587294,115,2771.103669
1204.034923,417,2774.189121
-94.444875,243,2776.079122
-1135.289138,218,2777.777122
-2042.764481,500,2781.562121
252.913742,280,2783.566124
181.191961,157,2784.693124
-985.574958,265,2786.631122
-320.627295,195,2788.071121
-262.148386,129,2789.032121
713.361516,173,2790.301121
-281.125632,133,2791.272121
-920.735594,286,2793.353121
-262.239256,134,2794.352122
-225.463877,133,2795.348121
-1291.71984,400,2798.391124
-834.257102,385,2801.380122
973.545526,195,2802.907121
700.275287,138,2803.923121
-9.49271,118,2804.792121
-123.797342,164,2806.003123
-273.235178,113,2806.831123
-73.307064,114,2807.673121
314.262185,152,2808.793121
-224.488557,140,2809.849121
-296.161915,87,2810.508121
-136.933655,127,2811.470121
-59.227868,164,2812.675122
-201.572654,127,2813.581121
-97.655669,221,2815.161122
-181.472668,171,2816.374121
-886.513465,252,2818.156121
-650.02795,93,2818.812121
463.46078,198,2820.240122
83.965784,155,2821.401121
62.473614,131,2822.393121
-3.018474,231,2824.141121
-202.318907,196,2825.627122
84.520521,161,2826.798121
-578.822285,165,2827.980705
370.813346,146,2829.026707
-1761.475032,375,2831.786741
-50.316996,204,2833.341741
-96.439365,149,2834.46874
127.277593,146,2835.56574
-411.353919,131,2836.558741
-2997.857214,500,2840.256742
-327.605176,116,2841.11974
7.201566,195,2843.227741
55.783465,132,2844.260741
-496.552451,476,2847.977741
662.390729,140,2849.046741
162.711051,145,2850.097741
-138.583549,203,2851.552741
227.009683,222,2853.138742
-450.850031,158,2854.270741
153.004969,195,2855.715741
-2268.457224,500,2859.416741
-304.339584,150,2860.50974
-304.338989,131,2861.440741
-137.17527,220,2863.000741
22.985299,136,2863.961741
-265.760346,190,2865.305742
-627.279703,180,2866.69574
-15.724963,104,2867.48174
-513.877259,259,2869.452742
112.263433,204,2871.029741
-425.577885,396,2873.950742
-44.098131,274,2875.964742
136.080656,156,2877.125772
582.030159,184,2878.511769
849.399311,220,2880.158771
-302.267078,168,2881.420769
-573.715314,226,2883.114769
-569.705931,116,2883.974768
-782.63751,240,2885.756769
-345.701363,135,2886.758768
724.798258,220,2888.335769
-141.052708,231,2890.084773
317.844352,160,2891.306771
-27.360711,180,2892.656772
-294.831022,209,2894.230769
69.310783,115,2895.064769
394.401664,208,2896.549769
-1630.30937,482,2900.004768
-684.933379,213,2901.560768
90.491262,107,2902.328769
390.113617,275,2904.327769
74.898107,187,2905.687768
-1047.897783,255,2907.571768
231.764509,266,2909.531769
-1943.834069,500,2913.360773
-215.589022,170,2914.692772
-486.159532,173,2916.055772
-312.32136,171,2918.747768
-542.653359,169,2919.985768
-618.940557,228,2921.649769
-108.149008,114,2922.488768
-4956.060575,500,2926.323771
282.089832,135,2927.321768
-165.999013,135,2928.328769
-228.576492,93,2928.993768
-111.877574,96,2929.676771
-424.577022,157,2930.798769
196.684803,148,2931.845771
-425.139078,229,2933.477768
-1755.391706,307,2935.833769
-600.467599,153,2936.978772
7.394652,144,2938.071768
-438.771977,137,2939.113771
20.158364,104,2939.88677
-345.496955,218,2941.454769
-1196.250098,366,2944.085768
-284.369918,148,2945.153769
-396.665671,500,2948.911768
95.538929,180,2950.251771
-939.148502,306,2952.513769
-413.6177,148,2953.61177
-337.869228,129,2954.565768
-2.64344,155,2955.718768
325.733918,168,2956.985797
-119.629513,121,2957.917798
-36.556642,234,2959.723797
-270.447309,359,2962.515796
-197.306669,109,2963.314797
-98.21204,165,2964.522797
590.486769,149,2965.586797
630.473536,234,2967.255797
71.85898,211,2968.763797
-1458.347052,388,2971.551798
-119.05788,143,2972.579797
204.58357,178,2973.846797
-167.313214,235,2975.507797
-877.556635,193,2976.871797
-392.37724,191,2978.219797
-905.545391,332,2980.661797
-96.778284,188,2982.076797
-2516.090572,500,2985.904799
-41.994468,312,2988.174797
-421.942291,176,2989.453797
-937.437161,206,2990.973797
129.604955,120,2991.892797
-187.18714,165,2993.784797
148.555448,134,2994.817797
-629.419332,232,2996.567798
-2776.338808,500,3000.256797
922.396067,206,3001.777805
652.786625,158,3003.015797
-1321.613477,384,3005.985797
-2242.325558,500,3009.696797
-98.642256,98,3010.396799
766.846321,181,3011.692798
99.123536,191,3013.055797
767.779902,185,3014.415797
228.506287,157,3015.575797
819.413394,245,3017.362797
-30.722152,231,3019.048798
-3.817194,128,3019.957797
539.013486,158,3021.084797
-548.643784,116,3021.945798
-630.031346,195,3023.385798
-15.967788,99,3024.114797
-625.914594,190,3025.553797
-857.075917,188,3027.015797
461.664261,336,3029.632797
722.276926,224,3031.349797
-1113.529252,287,3033.453347
89.397128,121,3034.339348
-250.593592,133,3035.318348
380.663752,165,3036.538347
-107.03249,137,3037.562352
-246.628056,125,3038.495348
953.492791,261,3040.464347
168.462138,154,3041.566347
-859.563617,180,3042.848347
-436.42884,105,3043.590348
-443.627043,152,3044.666348
-337.708539,148,3045.715348
589.445533,133,3046.659348
-390.39743,151,3047.731348
-249.767754,152,3048.886354
108.87672,136,3049.912347
31.899423,153,3051.06635
-91.980534,201,3052.585347
104.711948,131,3053.572347
-512.693827,155,3054.685348
-408.585896,136,3055.664348
-154.727884,145,3056.706349
382.194227,146,3057.746348
61.12951,205,3059.248349
-1077.916342,249,3061.16635
-499.332445,224,3062.88235
107.229209,203,3064.440347
-433.51656,174,3065.735348
-79.178582,114,3066.573348
376.20078,225,3069.046008
-100.647524,105,3069.824008
-16.186457,155,3071.015011
-109.275652,137,3072.08501
-1533.201784,346,3074.785012
50.95363,146,3075.92101
-34.798469,140,3076.984009
324.544446,161,3078.154009
385.285932,177,3079.427009
124.213222,159,3080.570008
483.684709,236,3082.276008
403.764057,143,3083.350008
387.885062,127,3084.291074
206.386105,211,3085.863948
-79.443169,95,3086.568948
235.922993,175,3087.846949
-503.475701,162,3088.996949
-1707.210014,452,3092.215949
-476.595069,101,3092.928949
426.698836,299,3095.212948
-435.690225,106,3096.032948
375.275646,216,3097.703948
-78.00883,377,3100.559949
5.797312,207,3102.078949
-902.565251,398,3105.013949
220.15364,121,3105.930952
-481.274163,107,3106.735949
-426.374293,177,3108.049948
-315.336762,137,3109.083948
-85.876757,157,3110.260823
-471.194203,114,3111.106824
550.027778,222,3112.758823
506.068423,208,3114.297826
-437.690836,100,3115.039987
-493.280225,128,3115.995984
598.171774,238,3117.781967
-388.048047,158,3118.983449
-442.767948,368,3121.717902
-553.716758,145,3122.783373
-697.526016,224,3124.382828
-710.819672,457,3127.648277
-162.631904,144,3128.682908
-443.397456,116,3129.52247
360.324988,124,3130.419469
-850.5646,238,3132.14147
-453.331239,125,3133.035473
-876.013752,203,3134.469471
81.351078,186,3135.840469
196.013176,171,3137.100471
482.725947,237,3138.858472
491.120743,186,3140.328472
-160.399757,196,3141.846469
-160.563349,120,3144.076472
875.80805,181,3145.42347
-265.945715,108,3146.210469
-397.708663,112,3147.023471
-6.764642,150,3148.11947
-178.364073,187,3149.47947
128.202993,185,3150.883473
466.17507,286,3153.083469
496.507454,220,3154.774469
-49.730419,149,3155.888469
-1232.597486,391,3158.68247
-13.235653,154,3159.781471
90.453841,162,3160.93247
497.087104,221,3162.587474
-223.692335,211,3164.213472
-884.57799,286,3166.433473
-159.507767,175,3167.75447
559.953295,188,3169.103469
-0.034835,116,3169.93947
-304.045991,280,3171.948471
-182.428767,180,3173.275472
-662.260788,246,3175.13947
-179.310631,319,3177.569472
-314.201081,280,3179.659469
-1331.411685,500,3183.37747
-330.897231,345,3186.037471
-151.942096,204,3187.619469
40.612611,164,3188.907473
-315.198354,142,3190.019471
-1395.72034,500,3193.701469
-201.713224,260,3195.564469
644.078186,215,3197.10347
-125.557421,149,3198.16847
-564.635058,264,3200.089469
-2.404241,188,3201.459469
-215.470709,223,3203.023218
-102.229589,144,3204.040094
-13.178048,132,3204.978093
-281.964721,125,3205.861094
128.39601,198,3207.284546
56.629511,296,3209.518944
-300.013988,110,3210.356945
-43.082608,251,3212.302945
-295.866504,126,3213.268237
-320.12842,145,3214.324404
616.031324,327,3216.712294
-428.253292,184,3218.923293
-2.56966,171,3220.22827
-358.089681,173,3221.558238
-58.327349,205,3223.114217
-183.790577,96,3223.844193
-1481.276372,321,3226.212167
-216.046132,128,3227.154229
133.678168,156,3228.303298
-433.335907,131,3229.271332
-234.798932,99,3230.027424
201.767659,246,3231.923425
228.639806,329,3234.442425
-644.516068,236,3236.254425
461.818133,167,3237.453424
-71.979955,129,3238.371425
-1151.579852,240,3240.099424
535.949343,239,3241.839424
374.318229,260,3243.778425
-69.703081,163,3244.966425
147.132492,253,3246.854424
-270.787173,129,3247.777425
-614.718063,165,3248.947425
179.767331,188,3250.284425
3.667663,183,3251.640424
486.726618,228,3253.380425
-538.449566,378,3256.330425
-129.913391,128,3257.318424
693.671741,286,3259.473427
80.938965,120,3260.351425
-39.237995,171,3261.607424
-394.401412,222,3263.236424
-222.098658,115,3264.080424
-436.26174,132,3265.078426
-797.160432,260,3267.054425
-305.49158,213,3268.660425
-240.132428,262,3270.588431
430.553605,182,3271.872424
440.702058,187,3273.192424
65.273369,259,3275.012424
-1139.467678,307,3277.310425
-850.712156,220,3278.967424
-21.515158,111,3279.805424
609.645252,210,3281.381427
-886.725466,437,3284.491424
-548.666327,157,3285.607425
-399.087161,309,3287.831426
-711.316636,172,3289.138425
214.930962,134,3290.157424
-224.427947,164,3291.415425
369.905326,176,3293.843424
-670.139157,117,3294.702425
-97.504402,237,3296.447425
338.261213,189,3297.840425
-1423.30596,424,3301.174425
-441.549708,140,3302.277426
-543.091684,202,3303.857424
-291.379426,161,3305.053425
-180.051005,160,3306.209424
-860.26213,221,3307.823425
134.060916,147,3308.889425
-1573.575748,423,3311.999424
-678.002185,222,3313.632425
-761.121429,170,3314.883425
-742.608864,379,3317.593425
-2426.023642,500,3321.1914
-583.120232,282,3323.365396
-242.325439,128,3324.3664
124.175612,220,3326.083399
151.826885,206,3327.646397
242.315237,166,3328.866398
179.613766,164,3330.077396
84.42676,166,3331.300397
-624.087572,174,3332.576396
108.473393,174,3333.895399
-58.610507,214,3335.509396
101.085267,108,3336.319396
-511.253292,192,3337.768396
-362.560539,164,3338.994396
-506.495827,155,3340.150397
506.039223,293,3342.323398
79.455911,110,3343.137397
975.607411,210,3344.741398
181.049133,225,3346.500399
-788.156739,193,3347.979397
-319.587009,177,3349.322399
-128.85541,136,3350.365398
-519.074523,174,3351.609397
-299.182328,106,3352.363398
-198.291157,107,3353.132397
-300.911916,122,3354.003397
117.469771,153,3355.095397
-434.981695,100,3355.810396
-1713.772808,389,3358.612396
980.816373,275,3360.605399
590.579148,199,3362.019397
-352.208128,116,3362.841397
-90.216013,211,3364.346397
347.261527,167,3365.582398
-763.053861,177,3366.900401
-277.046778,86,3367.574399
-682.263899,188,3371.096399
-134.009258,180,3372.487397
709.308229,202,3373.954397
-248.597722,96,3374.651398
927.306413,204,3376.137397
-157.87894,169,3377.365398
209.634825,192,3378.830396
109.281128,128,3379.8154
493.145615,270,3381.874397
140.886864,144,3382.959396
134.453716,181,3384.306397
369.526794,306,3386.536396
-2585.97845,500,3390.182399
-20.365579,136,3391.225396
190.041003,108,3392.0534
254.894697,156,3393.271399
388.814706,248,3395.166397
-10.980581,135,3396.129397
-138.523165,119,3396.975397
-100.812401,183,3398.284397
-140.198288,100,3399.002396
-565.839032,141,3400.008396
-2410.553456,477,3403.532397
-868.420869,177,3404.868397
145.819519,181,3406.242396
-343.501541,132,3407.223403
-237.713528,128,3408.175398
-1621.626382,323,3410.578398
-1402.959097,458,3414.065396
-877.523111,237,3415.869397
-159.820993,123,3416.814399
-243.202808,141,3417.906397
23.977756,138,3418.935396
-59.87655,161,3420.122396
-274.34898,146,3421.193397
-321.161639,202,3422.677397
-119.734912,240,3424.437397
114.704826,200,3425.880397
279.672639,202,3427.351397
-380.169576,103,3428.097906
255.33549,213,3429.612906
-247.31339,384,3432.344905
-210.783278,217,3433.884906
55.734829,235,3435.609908
-297.877656,91,3436.299906
-216.193694,125,3437.245908
-109.120505,133,3438.255908
-101.22143,87,3438.907908
60.283203,181,3440.278908
-361.771766,345,3442.788906
-748.596131,211,3444.988906
-2074.31681,500,3448.785906
-11.578011,144,3449.880915
-421.498234,148,3451.021908
-2115.653399,492,3454.684905
-487.125916,101,3455.428906
-1851.856497,398,3458.431908
430.330762,211,3460.103905
-404.39111,145,3461.238905
-326.272096,143,3462.357908
2.696752,120,3463.289908
-54.138434,147,3464.372906
54.970061,194,3465.768906
-186.134197,129,3466.697906
25.157309,182,3468.004905
-33.465423,191,3469.396908
-376.479419,184,3470.754905
167.421958,152,3471.879907
514.635041,249,3473.715905
-259.280017,144,3474.772905
756.39211,212,3476.281906
-2899.635152,500,3479.859905
331.603594,189,3481.322909
-2480.834656,500,3485.240908
-1085.735777,295,3487.478907
81.932246,188,3488.852906
-598.961499,132,3489.823906
-749.067313,140,3490.854905
-383.809624,172,3492.129905
101.603604,141,3493.205908
78.670112,169,3494.489906
96.870395,132,3495.487907
411.360299,170,3496.770905
-805.7188,231,3498.501906
-69.205821,248,3500.301904
-433.459592,131,3501.232906
-141.562871,136,3502.196905
23.566629,230,3503.887908
-1592.774333,450,3507.339905
-5.907938,164,3508.570908
587.060428,189,3509.955905
-306.411873,168,3511.158906
-818.39215,164,3512.328906
526.497112,169,3513.529906
-1241.666906,397,3516.374906
265.950807,424,3520.957905
-42.361057,109,3521.757905
772.539214,169,3522.999905
184.014727,122,3523.899906
-482.142814,138,3524.917905
-1900.152379,358,3527.715908
284.398235,246,3529.656908
-1743.762509,403,3532.746907
-618.611956,197,3534.187907
112.144599,226,3535.840905
-861.836019,380,3538.719908
-17.110788,108,3539.526908
145.28068,162,3540.718905
331.109383,264,3542.682905
-94.087428,124,3543.571905
-1307.167366,294,3545.668906
-74.011385,227,3547.28094
35.3485,160,3548.427938
-167.738116,300,3550.733942
-372.150789,114,3551.625938
-490.140321,239,3553.486939
628.002447,217,3555.13494
2.163542,150,3556.215026
-8.164314,116,3557.049025
520.506246,208,3558.577025
-701.480008,231,3560.293024
-119.619128,192,3561.739024
-473.53376,150,3562.880025
-297.019694,264,3564.875025
-67.008483,143,3565.945024
-98.085227,165,3567.167026
-143.161057,152,3568.291026
-1816.495803,448,3571.636028
-123.475622,121,3572.580027
126.706788,126,3573.533028
-164.371034,134,3574.571025
-308.66946,252,3576.537027
123.309494,126,3577.503028
-136.77508,166,3578.700024
-82.111242,249,3580.481025
213.334303,281,3582.497028
-249.883654,210,3584.017024
-108.563321,116,3584.858024
152.844615,244,3586.625024
-346.726912,169,3587.860024
237.286048,181,3589.172025
-265.843664,124,3590.046024
-13.963346,159,3591.169024
67.791107,155,3592.267071
6.516976,149,3593.320604
187.457633,178,3594.625606
-795.169011,195,3597.391603
-463.161682,101,3598.190606
-987.254637,323,3600.676603
322.396074,182,3602.002604
67.856863,167,3603.220604
-558.758594,212,3604.768604
174.372876,123,3605.677606
-63.532218,128,3606.659606
355.942992,185,3608.062603
302.983948,160,3609.294603
73.271528,143,3610.394603
-2644.661757,500,3614.131603
-256.220398,305,3616.328603
-846.449134,265,3618.318607
-116.146325,205,3619.871606
141.770065,121,3620.818606
-278.163613,178,3622.210604
156.41424,180,3623.581604
387.82981,235,3625.265603
-183.07046,136,3626.242604
-273.743912,143,3627.271604
402.577149,277,3629.288604
75.121517,197,3630.717603
-6.193197,152,3631.827603
127.66833,201,3633.327603
271.088422,136,3634.351603
-1063.145688,374,3637.119477
-591.031956,287,3639.245477
-853.082334,242,3641.107804
-90.859704,131,3642.136102
500.777836,254,3644.104062
121.583948,150,3645.265038
117.171039,232,3647.017711
457.697775,356,3649.629362
143.676964,382,3652.460187
-474.126839,145,3653.515147
-862.84115,347,3656.052814
343.359287,196,3657.480258
-125.197477,141,3658.479258
-435.928327,186,3659.793261
307.026639,201,3661.216257
-349.484183,127,3662.115257
42.368585,252,3663.977261
-66.695064,114,3664.84926
603.695157,244,3666.696257
521.460979,159,3667.886258
66.298781,124,3668.827257
153.442415,146,3669.877257
