#{"t_start": 1776584542.709648, "env_id": "None"}
r,l,t
-911.076818,147,1.402
-2060.361276,376,1.501
-1061.53902,224,1.551004
-649.724968,173,1.594001
-712.828887,101,1.618001
-512.402121,130,1.648
-714.342602,108,1.675
-959.411846,208,1.724
113.472287,128,1.753
-528.288552,150,1.787001
-300.396662,97,1.812
-1020.668357,153,1.846003
-472.16921,132,1.874003
-922.519177,150,1.907001
450.861967,183,1.947001
-867.204162,181,1.987
-372.188084,189,2.032001
-300.495919,224,2.084001
-85.244169,112,2.111001
193.793661,123,2.140002
-681.132495,106,2.165004
-401.477404,118,2.193001
-136.477112,165,2.230003
-775.124341,190,2.274004
-697.930655,104,2.299
72.077447,188,2.346002
-281.512193,146,2.379002
-882.939061,119,2.404002
-138.80774,95,2.432
-826.093122,155,2.473001
-709.578888,97,2.499002
-1435.899295,345,2.582004
-531.022623,98,2.605002
5.346284,160,2.643002
-499.917049,79,2.660002
-743.939745,111,2.686
-425.135495,184,2.731002
-1174.66549,259,2.790001
-1106.545964,181,2.832001
-1142.25909,247,2.887
-328.600625,77,2.905002
-279.116979,94,2.928002
-476.277205,85,2.947
-1589.41003,281,3.014
-349.590431,112,3.038
-1245.027169,208,3.087001
228.327073,110,3.114001
-452.788139,65,3.130006
-380.06083,275,3.196
-173.787881,240,3.249
-706.757224,258,3.309
-968.987092,217,3.368002
-491.291014,106,3.393003
-907.520377,139,3.425004
-1294.486209,228,3.478001
-21.808866,119,3.507003
-655.04922,137,3.536
-126.856578,131,3.566003
-1195.759828,265,3.628004
-920.27916,207,3.675002
-406.304248,203,3.722004
-788.963418,111,7.149003
-676.367791,120,8.155
-801.903435,168,9.617001
-429.747943,94,10.423001
-506.356567,83,11.132001
-1367.797652,290,13.632
-285.089842,243,15.655
-168.062326,118,16.640001
-296.577091,96,17.437999
-1141.764368,327,20.272001
-815.776698,133,21.456508
-591.152123,124,22.563507
-526.413628,155,23.930508
-411.666182,136,25.098508
-647.139211,168,26.49678
-270.177373,185,28.038782
-402.584543,95,28.82978
-146.425469,97,29.64778
-802.031424,256,31.812781
-909.411135,262,34.073779
-221.341643,207,35.826781
-551.971753,245,37.87978
-478.134154,120,38.887782
-392.338638,89,39.627781
-991.114038,251,41.806781
-522.136105,105,42.721781
-291.94759,88,43.50878
-423.615468,100,44.39078
-329.966263,85,45.12178
-533.786669,170,46.525781
-414.177612,147,47.71978
-538.892062,199,49.369973
-389.371773,112,50.304012
-320.123931,97,51.112011
-237.134762,105,51.996011
-300.49391,173,53.452011
-674.324161,129,54.542012
-644.797998,159,55.893011
-492.547677,168,57.318011
-522.814266,192,58.921012
-297.292514,113,59.866011
-418.492137,126,60.932011
-362.742438,133,62.093012
-367.421736,93,62.911011
-695.572266,209,64.799012
-330.990547,148,66.120012
-275.357505,213,67.951014
-502.711306,195,69.591012
-477.817021,177,71.090012
905.561783,221,72.975012
-74.26845,115,74.002012
-275.754752,134,75.163013
-843.46582,181,76.696011
-366.706767,244,78.743011
-62.562863,115,79.706014
-847.462182,204,81.428012
-536.280941,209,83.206012
537.624691,353,86.372011
-584.774809,114,87.397012
196.938467,142,88.640012
-134.462285,120,89.647013
-88.078729,118,90.646013
-215.054957,149,92.604011
-168.136559,140,93.820011
-1337.700587,254,96.029012
214.547124,224,97.987014
-215.383578,94,98.788011
-333.859321,156,100.113012
-311.371205,128,101.220012
122.676926,97,102.047012
-601.954615,163,103.411012
267.667787,172,104.985012
-277.829294,127,106.146012
-881.306952,187,107.853012
-418.426553,81,108.599011
-525.517431,109,109.553011
146.482887,241,111.559013
-218.388211,131,112.677011
-283.192565,145,113.927013
-993.315117,246,116.084012
-159.151012,139,117.245011
-720.89597,186,118.854011
-347.234801,113,119.865011
-399.001869,110,120.816011
-924.859514,295,123.258012
-324.896836,105,124.137012
-355.400104,114,125.118012
-642.787497,149,126.434011
-113.957784,146,127.721012
-403.656057,116,128.744011
-179.79932,118,129.778012
119.408983,249,131.901012
-516.42027,123,132.942013
235.515333,107,133.838012
-471.845233,133,134.963012
-703.768812,145,136.189012
-582.841804,207,137.985013
-646.91062,142,139.219012
308.261658,114,140.220012
-464.491696,93,141.021013
157.358329,159,142.386012
-727.983447,187,144.003012
-266.599763,117,144.986014
-307.501664,230,146.946012
-529.882076,143,148.213012
285.157091,159,149.596012
-402.044758,118,150.662012
142.790985,168,152.155011
-629.217293,139,153.349013
-561.191236,136,154.532012
-336.495198,132,155.697011
-1126.230669,205,157.496012
-791.7715,119,158.579012
-379.88257,95,159.414012
-59.84359,212,161.250012
-123.560168,155,162.577013
-501.639871,92,163.347014
299.859342,219,165.211013
133.003846,185,166.834012
-1040.413997,245,169.065545
-445.962104,206,170.895546
-309.878039,130,172.030545
-750.834438,160,173.433545
-706.612831,266,175.717546
-443.10434,120,176.723545
-615.335267,147,177.993545
-361.237759,102,178.877545
-614.445074,168,181.544545
-778.393325,127,182.671545
-507.19309,206,184.442546
-608.78498,127,185.526545
-278.490273,126,186.596545
543.144167,246,188.722545
489.450846,198,190.620545
-572.788871,208,192.645545
-384.014826,64,193.266545
-409.73574,101,194.184545
-1978.437299,338,197.093546
-132.242263,139,198.145546
-73.840406,140,199.182545
-434.200113,247,201.388545
-397.4538,99,202.273545
-182.689085,192,203.975545
-2292.98898,383,207.284546
-558.948723,114,208.267545
-136.174024,132,209.439544
-211.573117,115,210.511549
-735.93401,267,212.904545
-470.233982,100,213.800545
-884.027048,142,215.050545
-123.029955,111,215.975547
-458.751236,124,217.014546
-674.605221,171,218.476546
-174.980817,108,219.451545
-651.127841,248,221.831545
-174.59599,102,222.802545
-79.881433,214,224.732545
-85.779807,83,225.477545
-389.375568,110,226.530548
-943.928506,207,228.516545
-480.231269,155,229.847546
-775.152932,216,231.773545
-70.784798,112,232.737545
250.955301,205,234.453546
-415.103924,122,235.459546
-226.220409,125,236.493545
-100.978935,105,237.344544
-227.224959,156,238.621547
-156.843188,146,239.815545
-248.859357,91,240.548546
-196.965434,125,241.578545
-358.222591,154,242.863546
83.625254,166,244.237546
301.631808,254,246.346545
-220.27163,190,247.885545
-478.838602,270,250.156545
-190.504392,127,251.204545
-495.901733,148,252.464546
-423.751518,99,253.311547
-79.948877,110,254.253545
-366.257257,117,255.225546
-842.051354,162,256.651545
-134.72553,181,258.259546
-443.264806,137,259.483545
-208.105128,118,260.471545
-419.426869,167,261.875552
-319.95753,207,263.630545
-158.66146,103,264.506545
-152.618621,109,265.445545
-875.045545,245,268.206546
-337.510496,105,269.051055
26.998812,108,269.918057
240.825129,157,271.189056
-34.587628,155,272.431055
-415.035664,167,273.838055
-446.987487,150,275.189055
-198.539453,100,276.156055
258.98192,158,277.599055
-396.095025,119,278.610057
-372.408248,114,279.563056
-121.908401,108,280.475058
-592.721769,193,282.139057
-361.0677,111,283.095055
-768.601853,147,284.406055
-550.426456,214,286.288055
302.433644,146,287.564055
-206.704344,115,288.618055
-168.730077,175,290.150055
-252.461752,114,291.113055
-583.026677,252,293.280055
-371.562599,155,294.661056
-672.217924,241,296.871055
-1019.418052,299,299.560058
-694.052119,121,300.582055
-175.668721,100,301.424056
69.14968,219,303.295055
-124.067536,101,304.151056
-763.488363,187,305.765056
-378.075135,151,307.079056
106.443765,175,308.594055
-446.943106,99,309.453055
-374.055132,144,310.695055
-456.378871,108,311.599057
-979.705146,177,313.075055
-276.463113,131,314.169055
-195.772005,165,315.621056
-494.748885,223,317.569055
102.367252,227,319.605057
-234.703247,309,322.242614
-539.949475,124,323.275612
-429.353228,145,324.504125
-296.334041,164,325.914137
-600.696475,173,327.437137
-845.179698,265,329.724137
-39.756146,211,331.518139
-403.835196,120,332.538137
-332.331804,323,335.268898
-794.27613,181,336.828898
-93.152581,146,338.143898
-255.614506,90,338.950898
-628.301295,154,340.357899
-70.919966,175,341.906899
-157.97326,185,343.479899
-356.529883,101,344.335899
-130.330855,176,345.820898
-625.526663,237,347.843898
364.183998,211,349.602898
329.864234,115,350.552898
-569.123405,178,352.066898
-747.52286,203,353.758898
-954.821316,194,356.208575
-589.907135,163,357.602575
-363.887437,136,358.791574
-47.380015,143,360.044574
-682.754964,109,361.001574
426.162128,289,363.430575
-619.268187,94,364.259574
-242.214019,129,365.346575
-733.629654,153,366.626575
-454.546828,111,367.559574
-216.878396,134,368.694576
-328.152271,107,369.633575
-400.248841,126,370.709576
-784.261801,263,373.017574
-561.9877,115,373.974577
-761.195933,184,375.540575
-246.05559,142,376.733574
-263.239964,95,377.540574
-568.293606,259,379.892575
-499.52773,195,381.607576
-806.286479,172,383.167575
14.856272,113,384.140576
-366.366443,174,385.594577
183.888045,140,386.797576
-1873.486945,500,391.162575
-272.142703,229,393.117575
-624.736052,94,393.95729
386.32861,177,395.438212
-371.181458,85,396.145188
179.229839,171,397.579978
-488.40214,186,399.166043
-128.141124,117,400.181043
-730.925165,161,401.611043
492.73617,223,403.615044
-430.934955,202,405.400227
-447.206777,176,406.923464
-1053.000688,418,410.504465
-1049.053151,198,412.255465
-429.147099,178,413.823465
-522.467214,194,415.530646
210.676871,226,417.426646
-393.94886,95,418.241647
-376.776794,205,419.868645
-424.071008,163,421.087645
-270.30029,102,421.935646
-76.981964,202,423.717646
-711.081157,257,426.070646
-325.510941,108,427.02165
-25.449594,203,428.796646
-387.491598,94,429.616645
-429.532247,144,430.868645
-485.723787,101,431.771646
-282.308309,127,432.890646
-304.797693,114,433.907645
418.659052,240,436.034645
-880.416424,194,437.715646
-20.17528,158,439.066646
-545.463906,120,440.076645
130.16086,372,445.450646
-891.501975,176,447.013646
-619.062631,273,449.310646
-528.098428,173,450.798648
-403.061084,137,451.943645
-457.589047,125,452.998646
-112.394216,121,454.015645
-207.983631,214,455.837646
-1.164941,117,456.837646
-10.714547,108,457.748646
-477.96557,205,459.473645
-339.320747,148,460.744646
-245.814354,95,461.536646
-505.621594,162,462.945645
-284.22998,125,464.086645
-51.230424,149,465.537646
-1127.610992,246,467.980646
-459.365806,111,468.973646
14.479927,135,470.163646
-372.88466,121,471.204646
-54.116901,128,472.322645
691.143473,240,474.506645
-502.28802,148,475.840646
-483.898741,118,476.914646
-330.81092,104,477.843646
-22.885616,153,479.218646
-607.759301,98,480.058648
-840.853577,173,481.573645
303.537041,321,484.420646
-631.277562,179,486.105645
-156.962991,160,487.596646
7.653668,159,489.029648
-568.408052,143,490.269646
-111.437411,106,491.185646
-32.234025,146,492.429646
661.621744,180,494.002646
-511.148303,177,495.571647
-524.077614,189,497.265646
-619.546108,143,498.523646
-199.081785,115,499.515645
173.061608,158,500.852646
-231.891123,122,501.886646
64.217139,258,504.064645
-1000.354693,201,505.912647
-57.768752,115,506.996646
-660.783848,265,509.445645
-347.011422,113,510.460646
-20.079267,107,511.394649
-312.033562,122,512.436645
235.649392,170,513.905645
-598.370111,202,515.694647
202.178044,151,517.049644
125.815363,246,519.264646
-272.496428,139,520.495645
-284.956599,122,521.550645
-169.460202,152,522.869647
-252.36022,171,524.344645
-239.412594,187,526.020646
-411.044856,148,527.407645
-12.807268,138,528.666646
-430.210107,125,529.836646
-900.601214,228,531.919646
-292.634729,154,534.269645
173.859881,182,535.852646
432.764044,195,537.570646
-497.661024,175,539.137645
-870.878773,274,541.537646
-293.100882,120,542.575645
-4.305299,190,544.198645
183.436745,141,545.445645
-173.41625,110,546.419647
-951.795106,240,548.651645
-19.666424,125,549.773645
-429.050071,128,550.928645
136.541334,244,553.034645
-210.013193,176,554.560645
-87.800428,144,555.783648
-545.681746,99,556.624645
-31.160419,253,558.859645
-935.966068,278,561.472645
-344.259308,101,562.364645
132.530973,118,563.386646
-432.514174,216,565.325646
-322.908711,141,566.561645
-55.686681,107,567.543645
-367.130182,143,568.869646
-464.401253,92,569.744646
-663.65922,132,570.984645
-135.25739,116,572.083646
58.931466,123,573.183645
-554.142313,134,574.407645
-409.435684,172,575.968646
-279.68904,110,576.942646
-539.668853,194,578.711645
-623.436741,150,580.127645
-129.99275,128,581.345647
-533.558436,250,583.525645
482.377746,227,585.483646
-391.486542,103,586.323646
-210.928156,179,587.762647
-466.565374,233,589.732646
-407.080962,72,590.356646
56.310294,107,591.278646
178.146356,163,592.681646
-401.777625,128,593.792649
-473.108447,124,594.827646
-458.182419,87,595.553646
-1528.353835,453,599.330646
-601.248546,129,600.405646
-401.902756,134,601.531646
-18.77446,145,602.772645
76.12763,147,604.013645
-650.056367,187,605.596645
-1151.515937,281,607.930645
-1131.577821,500,612.176646
-302.626463,134,613.350646
-941.631527,363,616.426647
-94.617203,106,617.289647
-165.682346,116,618.241646
-841.037337,166,619.632645
-635.859139,310,624.523575
-466.099252,309,627.112576
-2030.978702,479,631.028575
-451.700992,200,632.729575
-36.839774,127,633.801575
131.676283,184,635.361575
-20.011328,90,636.114577
320.207213,147,637.308578
-124.345764,158,638.608576
-295.824216,127,639.634576
-220.473367,137,640.770575
-550.673282,170,642.197575
-493.968049,135,643.394576
-257.088435,95,644.179309
-156.849867,128,645.245311
-1891.865172,389,648.484309
-163.582638,161,649.777309
-50.220525,110,650.679311
-357.141563,120,651.690309
-52.882658,119,652.69631
-549.224286,286,655.177309
-99.391926,103,656.07731
165.700528,164,657.476309
80.331356,107,658.371309
-123.853805,130,659.463311
-277.90134,189,661.036309
-123.846134,123,662.06031
-46.03119,127,663.126309
37.886846,187,664.733309
-2341.795042,475,668.778309
670.041875,207,670.50331
215.963187,169,671.92731
162.772724,145,673.13131
-400.269153,107,674.08231
-210.95322,162,675.51031
-493.628986,172,677.038309
-676.762422,212,678.883311
-112.226111,121,679.86731
-113.632014,109,680.78331
-86.757562,100,681.619309
-55.272224,224,683.459312
-103.117692,101,684.313309
-753.461233,163,685.678309
-886.129334,251,687.80831
-130.010342,166,689.236309
147.186128,281,691.562309
-251.80436,263,693.76931
9.712354,178,695.33731
-31.435213,244,697.502331
-451.679713,167,698.952334
-1008.0158,344,701.875929
1.559189,221,703.720928
-77.702067,95,704.515928
-584.606525,192,706.168928
-282.489976,106,707.992927
-0.623312,228,709.916928
-472.451392,118,710.901928
-40.465592,147,712.132928
-544.708461,99,712.974927
-397.94824,165,714.364928
-200.259854,114,715.324928
-152.867831,125,716.401928
-612.497036,106,717.327928
-215.628574,133,718.451929
-109.817974,448,722.241927
-729.439356,238,724.203929
-586.513666,143,725.398929
-631.326417,259,727.563927
-23.804151,102,728.416929
-490.456856,172,729.847928
-12.675103,102,730.707928
-448.025945,252,732.79093
-572.036028,300,735.237927
-400.262983,79,735.891927
-559.385148,211,737.673928
-805.602586,229,739.663928
-317.303705,79,740.335927
-571.637853,381,743.60807
-362.958681,66,744.157086
-525.534713,183,745.717085
212.242684,82,746.409084
225.815491,192,748.076083
-28.856915,153,749.357596
-856.515545,431,752.929597
-745.941284,138,754.032596
-394.148087,125,755.058596
-20.646341,194,756.641597
-559.737776,148,757.862596
-825.792922,161,759.261597
-456.460577,144,760.490595
-613.686,136,761.649595
-479.181519,195,763.333596
-548.626556,169,764.723595
-624.946814,246,766.723596
-730.248126,200,768.354597
-153.314846,116,769.340596
-1051.123728,356,772.306596
345.831474,160,773.622596
-483.639723,111,774.538598
-36.099231,126,775.555597
-150.742923,146,776.719597
-448.997699,112,777.632596
-625.481894,237,779.584596
-1216.501286,225,781.559595
45.397979,102,782.443595
-437.143598,179,784.003595
408.254913,228,785.956596
-439.741742,132,787.055597
-576.248802,184,788.590596
-105.835823,98,789.409597
-205.688135,153,790.705595
-132.630918,336,794.097596
-223.577428,128,795.405595
369.734903,165,796.843596
-228.223878,118,797.890596
-981.756766,197,799.735596
-308.060273,176,801.450595
-156.433335,142,802.760595
-27.596139,86,803.558596
-420.306817,138,804.890596
-874.991038,264,807.221599
11.869052,122,808.253597
-345.47594,176,809.724595
-784.333533,206,811.456596
-735.058593,171,812.940595
-447.980809,158,814.275595
-162.391739,93,815.058596
-340.160469,148,816.333596
-182.982006,255,818.411596
104.696973,141,819.571595
259.832785,185,821.068595
-146.788789,89,821.790595
-432.419575,236,823.769595
-306.025882,191,825.399596
-1251.102423,197,827.097596
471.76806,301,829.633597
-92.138664,146,830.858595
-1758.39515,399,834.336596
-1101.507796,236,836.453595
-1059.577757,255,838.683595
-491.170947,123,839.714596
88.23658,124,840.748597
-1154.07842,345,843.751595
-753.951287,112,844.769596
-1257.977282,367,848.136595
-710.77782,178,849.681596
-669.846201,348,852.590596
-263.360298,193,854.211597
-248.912726,148,855.477596
82.065714,131,856.582596
-154.052278,87,857.318596
-316.695091,90,858.069595
247.992151,130,859.146595
-415.492098,172,860.556597
841.604167,301,863.059596
248.640929,204,864.770595
108.314889,327,867.662595
-249.097538,113,868.638596
-257.26455,82,869.348595
177.739406,252,871.473595
-1092.391424,349,874.699596
-333.64008,139,875.971595
150.650267,175,877.547595
-13.043778,119,878.614596
-156.20986,117,880.497595
-449.334424,158,881.829596
-109.907044,87,882.562595
249.195654,139,883.738595
-68.204599,129,884.836596
113.865767,116,885.872596
-35.97045,80,886.591597
65.750866,96,887.465596
-122.936414,111,888.444596
14.263792,96,889.304596
448.463052,195,890.980596
-69.598144,90,891.746596
222.03686,172,893.209596
-344.484872,161,894.618597
361.185432,213,896.506595
17.210864,120,897.568596
-313.107021,137,898.737596
-226.483394,120,899.746596
-913.552523,261,901.970595
-176.708442,76,902.605597
-122.957802,160,903.972597
113.133782,126,905.035595
-76.700173,74,905.653597
-131.596016,83,906.346596
-78.943143,89,907.097596
-172.930033,97,907.919595
-821.430897,296,910.507595
-433.624403,106,911.455595
-825.260387,219,913.302596
-64.763633,181,914.834596
-816.304939,230,916.754596
-199.979717,147,917.995596
-528.086639,141,919.171596
-191.523598,149,920.469596
-382.890136,235,922.510618
-236.888509,141,923.694619
-397.719199,129,924.76862
-25.220642,92,925.53562
-431.236661,198,927.188619
-1329.16654,352,930.302619
-81.626454,145,931.58462
387.848729,149,932.894619
28.856264,121,933.91762
-67.029816,169,935.335621
-319.9106,245,937.375618
-171.895329,117,938.374619
-583.546733,182,939.967619
-185.125586,118,940.987619
-81.270298,195,942.63962
121.161586,256,944.783619
293.922618,166,946.16662
-311.923113,95,946.95662
-428.249997,69,947.532621
-906.408453,248,949.653619
-113.573206,158,951.042659
-1268.025635,464,955.017661
182.057428,132,956.11466
-83.29336,141,957.281659
-155.167525,86,957.991659
-41.19282,143,959.202661
-568.375729,90,959.953659
-143.607554,105,960.865659
-358.725499,169,962.299659
-108.06959,106,963.211659
284.16719,148,964.492659
-59.754785,102,965.36166
-311.5249,170,967.392659
-129.032423,109,968.299659
-1169.278212,295,970.85092
-504.75527,153,972.25843
122.021847,143,973.56645
-584.080493,296,976.161451
-1365.961194,398,979.559449
-2338.370817,500,983.921451
-1372.465747,193,985.59945
-25.276407,125,986.65345
-107.25687,82,987.34345
-1025.451024,389,990.66745
-10.430652,80,991.38545
197.801874,131,992.59345
-892.247704,156,993.999451
-1010.879996,170,995.49345
-303.744079,86,996.23945
-111.872557,78,996.90145
191.898255,142,998.083451
-31.621021,128,999.157451
166.830047,123,1000.189451
-584.965949,128,1001.28445
-165.525915,471,1005.350451
27.970806,344,1008.332451
-118.806879,82,1009.014449
218.953238,191,1010.62645
-834.251818,383,1014.00645
-139.474367,91,1014.801451
-869.349827,204,1016.59145
-1642.351075,298,1019.13945
-184.557093,92,1019.913451
189.449248,170,1021.357451
-241.5451,142,1022.54745
-168.710232,217,1024.445451
-499.272938,381,1027.78345
181.126105,197,1029.44845
-947.643159,378,1032.62945
106.429289,115,1033.64145
226.753633,150,1035.01345
-1316.832726,357,1038.19345
-240.277494,101,1039.05045
221.752495,200,1040.75845
25.24907,131,1041.862451
-153.667931,87,1042.58745
-115.859143,111,1043.51445
-89.429183,102,1044.382451
-206.297515,108,1045.29645
-323.213147,93,1046.09945
-75.665526,101,1046.96345
-534.399152,168,1048.434451
-21.864496,111,1049.36345
864.688263,319,1052.05045
-33.263236,98,1053.77445
-765.094542,110,1054.73545
-380.894097,134,1055.915451
-402.206401,155,1057.25845
-1001.669587,111,1058.22445
-482.324768,129,1059.35445
159.196414,148,1060.63445
-239.818294,84,1061.37545
73.173953,127,1062.45745
-524.428524,177,1063.96145
-242.373232,124,1065.022449
-25.650343,102,1065.899452
-400.261065,130,1067.01645
145.769829,136,1068.20245
-50.455051,82,1068.957451
-92.422272,103,1069.872449
-205.782694,166,1071.26245
-139.270857,120,1072.271451
-526.25201,235,1074.289451
-383.456073,231,1076.322451
-41.34211,99,1077.20945
-146.40135,100,1078.07845
-296.14074,100,1078.95445
32.74724,107,1079.899451
-286.08681,73,1080.54045
-85.422845,98,1081.36345
-115.612206,124,1082.418451
-148.073435,188,1083.99745
-12.566758,101,1084.855451
75.719164,135,1085.988451
-68.402072,131,1087.108451
-534.507359,187,1088.68045
-30.841864,145,1089.927449
131.444774,175,1091.411452
-413.583848,355,1094.36845
-569.91604,143,1095.56345
-334.672831,177,1097.10045
-260.65435,117,1098.11545
-382.090871,166,1099.56145
-239.309366,96,1100.39745
-932.874251,274,1102.744452
82.953515,168,1104.165451
-424.234577,96,1104.971452
-424.335878,172,1106.427452
-826.853314,246,1108.568451
164.355516,128,1109.67145
-422.4853,144,1110.946452
-387.433281,98,1111.83045
24.910251,126,1112.87645
-887.802044,404,1116.30545
-252.663339,124,1117.34545
-303.13908,150,1118.67945
-88.179505,78,1119.38045
-359.831861,168,1120.85845
-820.630001,264,1123.19645
-774.779456,201,1124.879452
85.443652,128,1125.959453
-564.174308,376,1129.115451
-686.755318,182,1130.668449
130.737757,144,1131.913451
113.743776,130,1133.020451
165.339866,141,1134.201451
-551.365134,192,1135.776451
-71.90355,120,1136.777449
-82.815889,91,1137.526015
108.482945,134,1138.645016
-1011.62042,269,1141.384015
-236.471924,185,1143.024015
-40.421016,87,1143.795017
-628.334187,154,1145.101017
-76.834193,85,1145.809018
30.623035,136,1146.944016
-248.861118,111,1147.888016
-62.982975,92,1148.669017
-262.054886,102,1149.535017
-108.725525,91,1150.294016
71.458813,115,1151.251016
-987.636588,281,1153.641016
-1250.975171,402,1157.035015
74.415358,144,1158.232016
128.208942,147,1159.465016
-4.200161,143,1160.714017
-1471.172895,240,1162.841017
-492.91158,190,1164.503016
-1673.758499,500,1168.776016
585.323696,261,1170.958015
-582.596515,386,1174.191015
20.881968,104,1175.068016
-3.869429,134,1176.193015
-1132.665245,219,1178.008015
-318.017535,156,1179.306015
-152.729792,116,1180.277015
-43.733948,260,1182.518015
-88.260957,94,1183.354016
-965.733336,264,1185.602017
168.125416,164,1187.006982
-155.440115,85,1187.716983
-194.877144,119,1188.707983
332.707154,191,1190.307919
48.550917,105,1191.182921
109.421962,108,1192.099919
-241.55827,110,1193.042919
-22.818585,99,1193.89492
-739.250855,181,1195.48292
715.850588,250,1197.63092
-57.637714,115,1198.59092
-174.471144,102,1199.440967
96.918002,125,1200.479876
-696.023655,154,1201.773875
-696.162757,340,1204.789875
-133.829647,244,1206.976876
138.847543,145,1208.239875
-497.188805,212,1210.023917
-843.253827,257,1212.191864
-58.848583,86,1212.907874
-40.76908,110,1213.851201
214.085325,146,1215.1012
-754.61344,216,1216.9412
-438.193981,134,1218.0912
8.98952,99,1218.943203
171.171658,125,1219.961488
28.377907,165,1221.322489
98.8942,133,1222.427145
44.63674,214,1224.233145
-399.383197,72,1225.284145
-861.592409,165,1226.763144
-92.237788,191,1228.422144
-331.883583,119,1229.429145
-748.937853,182,1230.947144
-588.432348,184,1232.477144
-386.391032,164,1233.839146
-297.075305,118,1234.848144
21.133921,125,1235.932144
-314.380551,119,1236.934144
-392.480725,109,1237.866144
-693.459872,116,1238.829144
-1526.763765,217,1240.675144
-75.021895,99,1241.504143
9.454317,144,1242.706144
-457.81707,190,1244.292908
763.115579,122,1245.340909
-470.836177,83,1246.067909
-296.008851,168,1247.572514
-71.787327,104,1248.505515
-491.432713,128,1249.604513
-927.331716,252,1251.724514
-206.822583,146,1252.952515
-704.712621,170,1254.373514
-330.193888,112,1255.309514
-411.460693,194,1256.963514
31.823137,151,1258.238514
-233.247039,103,1259.112514
-126.906046,101,1259.963514
86.863044,173,1261.404514
-384.003467,124,1262.446514
-629.403884,291,1264.894314
-111.588322,92,1265.67984
-1856.689025,373,1268.91784
-18.57513,96,1269.73884
154.167494,106,1270.672841
-329.146193,133,1271.81284
142.898032,160,1273.14684
54.721797,107,1274.037841
693.78425,232,1275.985482
387.253256,194,1277.681381
-48.152543,87,1278.447831
-117.912064,151,1279.767441
-772.724265,158,1281.172201
-323.9672,125,1282.2702
-50.603657,90,1283.0942
-622.925628,114,1284.077201
-285.536899,117,1285.054203
-241.787011,120,1286.052201
-222.108066,160,1287.4052
-369.5624,184,1289.018201
-654.90767,220,1290.959201
-808.959102,224,1292.920201
22.385537,190,1294.528201
-73.096485,129,1295.602202
-346.100788,178,1297.104202
-97.830203,96,1297.913201
-750.591831,234,1299.923201
296.921707,193,1301.613201
-632.486976,177,1303.144201
161.509594,197,1304.772201
-137.317671,117,1305.752201
-234.698908,115,1306.686026
-720.796956,216,1308.505025
-120.776344,170,1309.974027
512.505234,232,1312.931026
197.775276,153,1314.236028
54.102695,129,1315.313026
-260.603606,111,1316.235026
-513.390834,196,1317.866474
-844.555348,228,1319.789341
-39.712502,129,1320.917341
-558.469679,201,1322.595341
-1088.143886,198,1324.278341
-54.140508,123,1325.348341
-702.703422,152,1326.616351
175.516979,119,1327.611399
-146.171573,78,1328.261817
-71.229714,109,1329.169817
-541.122103,144,1330.443817
-252.209761,115,1331.437816
153.225397,137,1332.634817
541.179429,244,1334.777817
-1084.616937,500,1339.00382
-437.561718,175,1340.511817
21.440177,148,1341.767817
-391.540231,111,1342.750817
-121.394,104,1343.645817
46.845401,120,1344.668817
-507.852435,199,1346.378818
342.17226,254,1348.500818
-2009.255542,500,1352.685817
266.831616,148,1353.941817
76.3468,160,1355.345816
-181.412474,120,1356.381817
-112.738451,130,1357.461818
-387.717224,219,1359.288383
-366.770792,143,1360.494382
739.781153,126,1361.538383
-617.441108,245,1363.634382
-358.786758,210,1365.434382
-415.708621,174,1366.900384
35.424164,118,1367.886392
-290.504551,128,1368.950384
-785.004281,310,1371.568384
-157.806209,145,1372.828382
-445.517119,139,1374.078382
680.439551,232,1376.131382
-840.940586,193,1377.800417
-457.916858,294,1380.303382
141.720841,135,1381.451382
-534.645918,154,1382.775383
-342.053664,119,1383.826382
-218.862685,87,1384.593382
-126.478505,92,1385.393382
-433.72642,130,1386.501383
-443.931541,409,1390.012442
-438.062037,151,1391.325427
-802.017676,226,1393.227989
-1400.093976,481,1397.955658
-381.582217,184,1399.539658
417.410498,194,1401.158658
208.008045,132,1402.259657
-211.879749,226,1404.150658
-582.342042,175,1405.632658
996.818118,263,1407.919093
-515.760621,159,1409.288093
113.849519,181,1410.752094
-218.793192,104,1411.613095
209.002425,172,1413.037095
-795.797279,154,1414.324093
-1726.668545,418,1417.957094
-28.54948,98,1418.795094
150.870084,147,1420.057094
21.089378,118,1421.039094
-185.979893,220,1422.872094
-703.002238,265,1425.090094
258.642428,152,1426.382094
8.255442,108,1427.291093
337.863055,160,1428.640094
-71.850138,101,1429.505093
-317.973144,127,1430.596093
-133.733587,86,1431.315094
99.498249,122,1432.330095
237.036088,170,1433.748096
263.616515,187,1435.305093
1.905959,96,1436.132094
103.247922,127,1437.273093
-146.273657,80,1437.967093
-162.014255,90,1438.749094
-709.214874,248,1440.914093
112.188982,132,1442.031094
-131.753347,157,1443.343094
-508.255021,179,1444.849094
-999.984478,273,1447.142093
32.041836,328,1449.890094
-202.14912,121,1450.898094
-43.326582,116,1451.864094
226.518017,198,1453.513093
-464.968789,208,1455.247094
-182.932651,256,1457.423093
-131.589268,95,1458.233095
-106.521235,141,1459.480093
-749.874595,262,1461.829093
100.743309,115,1462.806093
-362.547673,90,1463.564094
-273.258297,104,1464.430094
70.462613,125,1465.473096
-627.810829,225,1467.373093
-140.328662,237,1469.444093
-117.880622,101,1470.343094
-98.459801,91,1471.149094
166.31107,140,1472.392093
-167.279697,111,1473.339093
-397.072731,201,1475.054799
-132.627352,122,1476.073751
-435.913078,212,1477.847751
176.432015,180,1479.467583
-539.598369,121,1480.549583
69.824038,89,1481.340583
-476.251102,272,1484.406585
-312.684081,195,1486.038584
-259.619399,132,1487.138585
-319.224063,117,1488.112585
-77.287897,104,1488.988583
-343.435575,254,1491.188584
-84.211574,93,1491.986583
-340.749788,180,1493.530584
-0.401111,100,1494.36974
87.040718,111,1495.295738
-180.232978,172,1496.728741
-31.975046,86,1497.448739
-26.628485,99,1498.26974
-413.26341,299,1500.872738
495.591915,317,1503.707739
-426.605585,189,1505.330001
-13.027647,88,1506.063
192.831619,142,1507.254851
87.48101,121,1508.279714
59.208024,105,1509.173716
-605.47816,247,1511.298933
-1043.419863,326,1514.127933
-266.286139,216,1515.978928
-80.029394,200,1517.678928
-299.86031,184,1519.238415
-49.124966,154,1520.549412
-117.890391,86,1521.322413
125.798168,134,1522.51444
-177.735682,125,1523.64544
33.692996,114,1524.64044
-182.878281,145,1525.928439
171.146359,143,1527.13744
112.444179,130,1528.236439
40.378563,138,1529.394442
-259.279903,109,1530.310441
110.232948,137,1531.462439
-1306.942854,362,1534.542439
141.230952,139,1535.71044
-234.265323,142,1536.911442
-422.873233,166,1538.293442
-140.031386,203,1539.98644
-297.191219,125,1541.02644
-429.978419,218,1542.91144
148.206758,142,1544.137439
4.306121,89,1544.910439
-71.415663,91,1545.687439
-905.49952,348,1548.61044
-571.030984,147,1549.859539
119.354843,119,1550.849134
204.515032,278,1553.242746
-943.111149,203,1555.022746
-467.989389,167,1556.460746
377.272277,162,1557.844745
-55.559138,92,1558.615746
-937.708332,293,1561.068913
-266.077847,159,1562.393918
-527.618929,203,1564.210919
-738.383405,214,1566.144918
-241.434536,127,1567.287919
-275.981302,106,1568.24192
-214.27142,238,1571.784919
-31.384556,107,1572.685919
16.545123,167,1574.133918
165.864802,127,1575.219918
42.484175,113,1576.198918
-23.009213,110,1577.146918
-1110.602631,397,1580.524919
36.146741,139,1581.685918
36.670034,131,1582.774919
33.705526,86,1583.496918
-32.641549,96,1584.362918
103.286758,100,1585.259918
-146.915666,166,1586.740918
444.470143,116,1587.791918
-384.882715,146,1589.114918
29.836817,118,1590.112919
-4.824591,91,1590.872918
-59.091343,121,1591.880919
-48.734975,88,1592.619919
207.648551,150,1593.87492
-423.33273,142,1595.107919
-125.003684,96,1595.936918
-136.564816,118,1596.957918
-173.007207,117,1597.973919
17.702346,265,1600.223918
-651.540582,124,1601.26792
-77.139522,108,1602.184918
-95.489581,105,1603.05792
-856.767851,303,1605.60992
-287.423913,117,1606.649919
123.852607,140,1607.891919
217.88314,136,1609.086919
-259.812346,96,1609.927919
-433.857158,158,1611.283918
52.111173,148,1612.514919
-412.608643,171,1613.96592
13.948035,158,1615.282918
-509.884945,212,1617.125919
172.373365,188,1618.744919
-724.494299,170,1620.21092
4.090309,153,1621.516918
-135.724349,84,1622.216921
178.99755,165,1623.589918
-313.087321,166,1624.979918
-325.921449,157,1626.304918
-525.632471,203,1628.073918
-21.732094,132,1629.221918
464.700361,254,1631.44092
29.959713,92,1632.222919
39.892733,83,1632.914918
-189.112579,159,1634.239919
-443.353662,302,1636.757919
-63.008948,130,1637.841918
19.243731,94,1638.632919
-910.349784,196,1640.290429
-518.00371,152,1641.575428
201.439524,179,1643.071429
87.367779,158,1644.382129
25.459201,121,1645.38913
-72.038492,119,1646.388129
-29.149822,115,1647.346128
-402.892321,119,1648.400129
-409.891025,167,1649.856129
419.842728,204,1651.629129
-334.572667,167,1653.10313
-6.554868,140,1654.272129
456.943142,232,1657.255129
-416.669408,198,1658.92413
-447.734268,198,1660.626128
-291.049389,129,1661.744128
148.826617,140,1662.947128
96.5264,149,1664.206129
-281.1572,143,1665.404136
-91.007334,169,1666.813554
159.059979,159,1668.131551
-468.42294,221,1670.064551
364.585642,177,1671.625552
-269.675893,321,1674.455551
-522.470373,128,1675.530898
432.994166,210,1677.280898
149.050949,128,1678.361897
-197.790472,86,1679.080898
-327.254739,204,1680.816898
142.759956,122,1681.862898
6.768993,146,1683.097897
-217.131543,208,1684.884373
-151.949291,117,1685.852375
185.165089,165,1687.220373
-996.913332,350,1690.159373
-686.450144,208,1691.976373
114.710301,178,1693.534374
-249.849916,170,1695.035373
-304.696912,163,1696.440375
-181.189823,156,1697.738373
-263.127629,152,1699.010242
-86.626611,104,1699.893245
-485.455473,244,1701.971244
-37.043178,103,1702.852242
-460.317397,162,1704.230243
19.407085,99,1705.081243
340.183091,144,1706.329243
177.296348,126,1707.387244
151.142668,125,1708.438243
-517.529432,133,1709.546245
275.4958,169,1710.95049
-372.397004,176,1712.459488
-351.80276,206,1714.262488
-681.254891,242,1716.423489
237.498331,136,1717.58649
55.325928,120,1718.585491
-90.079469,141,1719.761893
219.950703,175,1721.218891
-392.014551,136,1722.357892
51.990616,172,1723.829891
-234.704622,123,1724.862891
-466.443112,128,1725.969891
-177.482651,222,1727.834892
40.37953,170,1729.251891
-1022.486879,275,1731.543892
99.70883,108,1732.442892
386.593381,150,1733.765892
133.619592,161,1735.211891
145.326906,160,1736.643891
419.80836,231,1738.652891
67.136965,189,1740.236892
490.210058,224,1742.101891
20.240545,145,1745.619892
207.392674,132,1746.744891
-394.838768,158,1748.084892
-238.05982,182,1749.609891
-448.823879,249,1751.683891
-339.184936,105,1752.557892
-332.515265,172,1754.046892
-315.506707,117,1755.107891
-181.600952,135,1756.335892
309.892171,189,1758.033892
238.553197,178,1759.598892
63.086344,100,1760.433892
-347.543548,177,1761.910891
-99.371203,138,1763.059891
-486.264813,139,1764.219891
-1262.720282,370,1767.360892
1007.455339,189,1768.976891
-43.611848,123,1770.018892
204.191246,181,1771.516893
-65.344061,137,1772.656892
-138.7281,141,1773.822892
-899.694387,265,1776.118891
250.544949,213,1777.995892
-3067.918546,500,1782.290893
-103.142747,93,1783.06689
143.870593,132,1784.169891
57.912534,107,1785.059892
-734.959481,232,1787.050892
151.450182,169,1788.509892
-629.712378,183,1790.093891
-246.552856,143,1791.309893
-168.272957,158,1792.627891
-462.698223,207,1794.366891
13.702683,88,1795.103892
-414.179048,195,1796.767891
216.082643,136,1797.965891
46.818045,210,1799.827892
-224.906478,223,1801.768892
-650.945238,177,1803.248891
-329.894,174,1804.712892
154.171028,123,1805.73789
278.57226,144,1806.936891
-861.651799,188,1808.551891
61.114794,118,1809.569891
319.946805,179,1811.081892
-325.735545,169,1812.515894
349.055256,182,1814.031891
-535.320452,210,1815.76977
-228.19277,134,1816.88177
-519.19622,196,1818.56977
-333.247822,100,1819.41877
-322.427141,176,1820.975769
16.361247,108,1821.914789
-413.7666,254,1824.083789
-349.345877,143,1825.275789
-397.673651,143,1826.465789
162.40259,285,1828.866789
-729.580428,214,1831.674788
-870.689237,373,1834.874791
87.085201,164,1836.241788
-70.634468,99,1837.065789
-744.201872,255,1839.267789
133.663652,112,1840.256789
0.785822,179,1841.857789
178.480657,221,1843.794788
127.229032,122,1844.831789
-19.992827,229,1846.730788
-53.195722,107,1847.620789
179.395074,121,1848.631791
51.396685,138,1849.782789
342.094314,151,1851.061789
-46.753629,129,1852.148789
-1287.676237,291,1854.68279
-23.493156,102,1855.548789
-252.182105,169,1856.964789
-150.854118,123,1857.987788
171.647412,132,1859.087788
140.326298,211,1860.909746
241.204769,114,1861.909747
93.040477,107,1862.852747
-54.111098,88,1863.633747
-40.309819,87,1864.403748
-503.025877,171,1865.873747
-362.8224,221,1867.713746
233.105805,156,1869.015755
126.184255,129,1870.090702
245.126741,163,1871.480538
-7.092227,99,1872.330539
-243.627202,140,1873.514539
-422.78277,176,1875.040539
99.107748,124,1876.080538
310.661337,240,1878.080297
-2.291741,140,1879.263299
-451.106233,303,1881.813298
-58.545149,117,1882.847298
228.221198,132,1883.994297
-80.741442,153,1885.341298
256.43694,239,1887.406299
-32.425914,96,1888.204298
-1080.244612,256,1890.345298
170.983198,204,1892.046298
245.896155,129,1893.154298
-147.126021,174,1894.616298
819.958248,188,1896.195298
46.606795,115,1897.188298
42.867841,148,1898.4283
131.0797,139,1899.587299
-371.119422,181,1901.085298
529.12071,209,1902.837298
46.497842,109,1903.780299
78.607924,96,1904.611297
77.968101,123,1905.664298
-627.507775,105,1906.573298
-138.587353,138,1907.756297
251.161398,170,1909.195298
11.308346,143,1910.394299
340.02618,164,1911.762298
-252.455103,295,1914.237298
-32.084795,98,1915.063297
294.428958,183,1917.171297
-41.241646,149,1918.452299
312.744118,154,1919.735298
104.915685,126,1920.786195
124.484697,239,1922.778105
-3.202179,98,1923.594112
51.22547,111,1924.573112
-73.32226,105,1925.507112
24.551943,110,1926.473112
-88.599943,143,1927.746112
248.717811,148,1929.049113
-261.141203,131,1930.162112
-24.687326,111,1931.086112
33.072855,112,1932.028114
-349.829414,147,1933.253115
-170.01995,119,1934.253113
72.275273,174,1935.770112
-326.639047,180,1937.311114
-138.562969,125,1938.387112
369.845105,144,1939.610112
-676.220711,162,1940.970113
40.782535,100,1941.803113
-146.201752,147,1943.021114
-572.097978,222,1944.843114
187.930764,145,1946.103112
-37.870082,115,1947.129112
325.798295,144,1948.391112
-699.096094,371,1951.609113
88.08531,116,1952.576114
-64.547074,112,1953.510116
-123.956206,106,1954.393113
137.699525,167,1955.792112
126.177636,129,1956.882112
233.785648,205,1958.592112
99.953336,177,1960.102113
388.210851,188,1961.690113
435.021197,178,1963.187112
-193.38084,124,1964.226113
222.393182,167,1965.636112
193.71142,135,1966.786112
164.523158,123,1967.866113
-281.44195,111,1968.863112
-156.19629,88,1969.668113
556.369188,357,1972.803114
-83.739068,135,1973.936114
-450.78087,128,1975.004113
-106.615752,98,1975.833114
-244.767443,223,1977.73703
263.077528,168,1979.18903
102.039325,116,1980.18103
55.063559,98,1981.021029
-87.41766,105,1981.918031
-21.64754,97,1982.767029
-336.668031,207,1984.492023
606.944734,145,1985.717024
146.111241,220,1987.549311
243.088508,206,1989.343306
74.895941,119,1990.385306
72.189708,147,1991.694307
133.418109,129,1992.837306
679.95976,114,1993.818306
77.148254,94,1994.609306
-7.358147,97,1995.418175
-142.410621,117,1996.393186
74.694189,96,1997.194186
-82.961892,129,1998.272109
27.726297,137,1999.44812
247.089368,183,2001.00147
12.580714,121,2002.808652
191.671243,144,2004.050653
45.259013,122,2005.074652
-24.454504,117,2006.048653
118.243446,160,2007.384651
22.229259,164,2008.767652
610.280705,125,2009.889651
-1.457654,121,2010.984651
67.31585,120,2012.066652
255.51049,142,2013.346652
-438.722134,178,2014.958655
311.239762,157,2016.291652
-461.625123,181,2017.810652
63.914754,104,2018.682651
63.003074,128,2019.768652
-50.262417,119,2020.833652
-249.716283,192,2022.533652
-205.169658,94,2023.368652
25.940025,167,2024.828652
1421.401466,262,2027.035651
541.811617,249,2029.107654
-46.289272,104,2029.972652
-38.668046,88,2030.740652
69.328516,131,2031.908653
178.92444,125,2033.009651
69.289917,142,2034.290653
25.420483,93,2035.114652
-172.672207,107,2036.074653
765.293025,131,2037.173651
-138.383741,143,2038.365651
133.683437,135,2039.490652
129.437856,120,2040.489651
-337.083637,120,2041.500652
65.825574,124,2042.567652
26.371603,104,2043.439652
247.609535,226,2045.389652
-492.168472,99,2046.241652
-321.934808,139,2047.406652
89.213114,134,2048.512652
51.185615,132,2049.605652
-531.343145,212,2051.374651
-51.114844,95,2052.191652
19.866039,95,2053.041654
687.941133,141,2054.308652
-58.325194,111,2055.308652
-760.017389,293,2057.877689
-312.677056,179,2059.389718
43.224199,137,2060.55069
324.856987,176,2062.040688
93.310022,136,2063.221688
0.259149,105,2064.140688
-48.030632,96,2064.966689
267.314037,131,2066.107688
-16.965173,134,2067.265688
25.098082,128,2068.361689
40.878539,117,2069.338689
-135.446484,193,2070.95769
-43.112445,94,2071.749691
-198.091422,131,2072.838688
-478.518127,222,2074.835688
51.213096,97,2075.689688
-51.813618,117,2076.739688
151.316684,113,2077.726688
-87.824295,105,2078.654689
-529.897504,218,2080.477688
251.504924,164,2081.855688
537.684269,73,2082.472688
108.522434,123,2083.496688
91.830106,139,2084.674689
-58.314556,92,2085.447688
-46.660526,84,2086.156689
893.268129,159,2087.505688
-57.828537,95,2088.724688
303.672088,179,2090.223688
975.322095,176,2091.689453
-55.297641,101,2092.533454
1018.183077,158,2093.847452
-280.740389,146,2095.141454
-111.60977,210,2097.008453
38.716959,94,2097.854454
-87.209116,129,2099.021453
182.704848,197,2100.738455
28.596494,108,2101.648454
-189.473476,318,2104.346455
-30.006366,128,2105.473453
-175.081704,150,2106.808453
-15.848772,194,2108.534453
-446.934598,179,2110.099453
62.90238,124,2111.154453
465.454992,181,2112.687455
-132.680686,170,2114.130453
-220.486896,131,2115.248454
46.80552,100,2116.150454
-77.359442,147,2117.476453
44.765356,125,2118.621454
-75.390994,101,2119.540453
-7.701099,107,2120.500454
450.405933,193,2122.156453
-720.222513,344,2125.087454
35.707984,108,2125.988455
-61.080584,176,2127.504453
-230.570486,136,2128.686453
648.392152,224,2130.637453
730.537938,189,2132.279454
53.233404,128,2133.353455
104.879422,115,2134.311453
259.833696,182,2135.836455
195.867764,173,2137.333452
-208.0621,185,2138.988454
133.858172,147,2140.298453
41.514486,115,2141.350453
-628.833333,209,2143.170456
-1740.774789,465,2147.068453
-544.370224,233,2149.061453
13.080142,130,2150.182453
-37.265497,128,2151.269453
-1059.074687,207,2153.059453
254.490915,144,2154.286453
-361.295022,142,2155.502454
-25.077834,115,2156.470453
-101.763662,86,2157.190453
115.06791,113,2158.152454
-46.147447,107,2159.122453
-272.215214,143,2160.418453
-859.167143,317,2163.287453
153.06458,153,2164.624453
76.192337,119,2165.635453
91.526158,156,2166.946454
-273.860422,95,2167.745453
-38.111812,108,2168.651455
110.435463,139,2169.848453
54.731638,119,2170.871454
-89.267876,353,2173.902453
-122.83287,166,2177.568453
-22.084377,97,2178.377456
176.958575,151,2179.698453
-574.133688,130,2180.863454
145.865071,124,2181.970453
-447.461751,121,2183.047453
100.194703,157,2184.435453
-70.613395,121,2185.460601
148.639695,178,2186.977604
232.393244,137,2188.119601
-518.000773,120,2189.116601
-519.226318,252,2191.268601
95.467597,176,2192.810601
-90.339016,91,2193.599601
12.135527,101,2194.467602
11.932214,110,2195.408601
-364.077411,145,2196.625602
-811.976625,175,2198.092603
41.08749,172,2199.534602
135.79224,115,2200.514601
70.608763,115,2201.551602
367.727654,190,2203.245602
-782.816187,318,2206.059602
-227.06898,167,2207.458602
-358.967452,187,2209.045602
-170.224319,94,2209.840603
-62.729393,84,2210.542603
238.138,156,2211.884602
115.403352,99,2212.733602
-772.042473,309,2215.393601
-48.395026,131,2216.507601
-68.134398,101,2217.348601
-154.452758,98,2218.166602
-32.314971,105,2219.040602
52.418477,106,2219.922602
-907.044116,203,2221.620545
-71.296694,121,2222.693544
-198.190319,92,2223.509545
-502.326963,201,2225.293545
-411.152796,263,2227.631546
9.082163,110,2228.549544
-111.736917,112,2229.482548
-330.019238,138,2230.632545
69.559225,127,2231.707545
-451.716216,191,2233.318544
-774.29241,267,2235.634544
698.593173,299,2238.194546
449.398053,221,2240.048545
-599.232009,180,2241.567544
174.480908,138,2242.724544
-18.862154,101,2243.581545
311.279138,149,2244.890545
-35.922369,148,2246.198545
-465.249284,253,2248.383545
65.563978,137,2249.531545
85.530873,140,2250.697545
441.985332,207,2252.425546
-325.015253,113,2253.373544
13.766323,115,2254.348545
-75.468193,125,2255.432544
-311.869005,308,2258.083545
-612.16394,181,2259.604545
73.657666,102,2260.457545
186.396936,154,2261.740545
564.105535,156,2263.641545
-136.965547,118,2264.642545
-25.916039,92,2265.440545
31.013823,106,2266.365545
-184.026269,298,2268.934545
379.389763,119,2269.976547
332.171775,146,2271.196122
-109.921199,101,2272.040123
-35.704788,99,2272.863145
73.240012,144,2274.063596
65.295558,173,2275.505598
43.005831,79,2276.179597
752.181119,156,2277.496598
668.166141,136,2278.636597
834.144858,233,2280.606596
154.67189,118,2281.596596
-342.683712,153,2282.872597
6.129949,110,2283.797597
133.021056,150,2285.056597
-381.603985,149,2286.358597
287.500423,169,2287.848597
371.319041,221,2289.681598
-403.280738,175,2291.095597
187.587453,155,2292.324596
-10.142023,130,2293.414599
-716.796158,196,2295.084599
-73.46745,145,2296.323599
367.154333,183,2297.940604
267.607319,167,2299.428596
-168.10171,160,2300.848598
91.601714,147,2302.140597
6.990522,121,2303.177596
220.158721,150,2304.464597
291.060704,218,2306.280597
980.727204,207,2308.101597
-165.447175,121,2309.192597
-65.974469,144,2310.509596
65.993331,144,2311.837596
130.815383,146,2313.1166
-258.256752,104,2314.004597
421.660644,176,2315.511599
-146.222271,98,2316.345598
311.450144,149,2317.599597
-332.995895,218,2319.514596
631.162892,246,2321.639596
232.966154,233,2323.663597
722.810343,139,2324.822598
-431.633803,82,2325.512604
-417.426261,111,2326.458596
-280.425754,200,2328.188598
-181.658874,101,2329.113597
-619.30436,259,2331.482597
218.627133,134,2332.702597
8.78957,99,2333.612597
-506.886526,98,2334.464597
48.020244,140,2335.682596
-499.371427,236,2337.715598
22.817567,164,2339.122598
-163.285286,83,2339.854596
-194.79159,104,2340.777596
-85.225602,98,2341.632597
-153.847559,209,2343.437597
-39.351112,149,2344.740596
-473.425414,91,2345.512598
156.55638,152,2346.794597
-420.794763,135,2347.929597
132.642889,127,2348.986597
-536.645098,218,2351.261597
-294.886497,104,2352.178596
-207.000652,177,2353.773777
-2231.297749,500,2358.154263
90.820936,115,2359.121264
-750.087622,273,2361.446264
-161.555473,158,2362.781264
-1451.880322,466,2366.737263
583.572642,118,2367.720265
198.782948,160,2369.055263
-336.038995,252,2371.209263
-40.566724,83,2371.983263
-1381.768983,256,2374.337264
-461.010648,132,2375.537264
73.542786,144,2376.804264
145.855249,160,2378.179266
65.658189,125,2379.246264
-503.376459,105,2380.147265
-314.376083,110,2381.089263
-68.443251,164,2382.529265
-39.735579,100,2383.408263
267.85631,142,2384.662264
-97.533115,92,2385.471264
118.307778,230,2387.483263
635.314127,270,2389.770263
391.362579,221,2391.620264
74.559914,119,2392.694263
-355.990046,144,2394.042264
271.117285,155,2395.480264
-888.511862,314,2398.279265
129.53325,129,2399.365263
-468.114245,213,2401.173263
80.52114,114,2402.134264
247.58042,182,2403.711263
251.551516,244,2405.830264
-140.788319,79,2406.509264
8.988431,94,2407.324263
-59.865479,112,2408.285265
374.469517,148,2409.520263
100.759327,176,2410.982263
-817.202364,240,2413.036264
-50.622733,110,2414.032263
-112.479939,126,2415.193264
-302.329961,136,2416.429264
220.926905,140,2417.721263
-1000.04439,390,2421.149252
-331.458846,125,2422.208262
-97.475295,133,2423.336268
-333.443652,214,2425.219262
-96.891824,89,2426.006261
-44.816299,182,2427.606261
-125.177191,90,2428.409261
149.656842,164,2429.817262
-384.53115,167,2431.241261
424.349596,251,2433.420279
27.866648,199,2435.13828
1070.862924,325,2439.415856
140.778155,327,2442.243855
173.087758,114,2443.216858
-256.150599,172,2444.662338
145.599191,175,2446.091336
146.30974,150,2447.313335
755.704942,130,2448.349337
-31.056128,439,2451.904335
164.605434,143,2453.033336
145.764978,147,2454.194336
443.460579,204,2455.874336
280.999984,173,2457.344337
-504.666513,201,2459.092337
-262.416065,276,2461.468336
22.819213,112,2462.397336
179.946152,124,2463.431336
242.338687,137,2464.583336
-425.474618,360,2467.652336
231.104814,151,2468.977337
240.470853,168,2470.442335
-34.966984,142,2471.705336
-50.161952,91,2472.482337
319.857782,184,2474.062336
12.259153,107,2474.970337
82.171731,119,2475.969335
161.17371,233,2477.973336
-405.76349,172,2479.532848
-100.000357,151,2480.897847
206.174617,142,2482.170847
-223.631411,135,2483.338847
-46.992565,105,2484.22285
-32.719605,100,2485.056848
-90.88525,129,2486.130848
232.350547,286,2488.527847
250.906202,161,2489.864848
83.520912,136,2490.921847
898.236193,229,2492.696953
-115.164327,120,2493.631337
-417.741027,171,2494.969338
-727.617347,281,2497.289342
-801.604968,302,2499.923337
152.479016,166,2501.383338
-73.392416,195,2503.051338
209.526909,141,2504.256337
64.313741,125,2505.286339
32.437749,122,2506.297337
-481.993584,500,2510.471337
91.084199,128,2511.537337
80.384393,116,2512.515336
28.888857,118,2513.507336
-121.397098,118,2514.497336
-6.553716,143,2515.695336
-74.544038,127,2516.770336
70.168405,122,2517.794337
88.571199,131,2518.887336
-119.284669,260,2521.096337
252.863185,129,2522.223337
51.334618,116,2523.884336
307.071947,138,2525.066337
171.503249,168,2526.479337
330.44013,178,2527.962337
162.323647,115,2528.91934
-492.027433,287,2531.322339
166.699068,197,2532.978337
-178.529098,113,2533.917337
274.165176,171,2535.349336
138.717998,217,2537.142337
307.531561,119,2538.118336
-260.636839,121,2539.102338
65.500545,103,2539.954338
137.171757,153,2541.191337
-146.182893,86,2541.918337
844.132949,154,2543.251337
869.593925,157,2544.596336
529.205941,131,2545.694336
173.980823,143,2546.917336
-358.935361,146,2548.117337
-534.177186,160,2549.400344
342.118977,132,2550.466336
-378.242043,184,2551.945337
471.166456,207,2553.678336
-80.2364,235,2555.634336
180.400799,105,2556.546337
-594.084987,280,2558.885166
264.987514,153,2560.150169
-28.617661,119,2561.150166
-26.485283,192,2562.766168
409.510788,201,2564.487166
496.931967,265,2566.825166
-317.009414,162,2568.225167
879.330076,195,2569.834167
-26.011205,86,2570.544166
-358.385142,195,2572.165169
-251.011848,149,2573.400166
-303.347322,147,2574.622166
73.367609,135,2575.752167
156.302954,153,2577.035166
327.472779,211,2578.791166
986.808299,171,2580.207169
493.283631,221,2582.003168
91.235087,148,2583.208167
-3.521321,132,2584.284166
77.87493,162,2585.693167
8.154009,185,2587.287167
258.566802,175,2588.813167
199.137106,133,2589.978167
166.105453,111,2590.908166
372.273059,184,2592.434169
253.121442,143,2593.617166
123.092697,149,2594.843167
-361.355485,221,2596.702166
5.652491,123,2597.725167
-518.029709,246,2599.787166
80.80769,107,2600.692168
328.002226,175,2602.133169
-121.385296,185,2603.673166
211.179737,125,2604.715166
795.021332,132,2605.811169
272.827412,153,2607.130167
-376.944587,177,2609.151167
588.896163,245,2611.278167
90.240082,172,2612.731166
596.117418,130,2613.824169
4.672206,111,2614.748166
-653.303921,249,2616.827167
660.247869,103,2617.728166
275.187127,215,2619.589332
282.877109,160,2620.963843
370.531138,176,2622.393843
267.561784,148,2623.580842
8.076563,161,2624.878932
211.697701,138,2625.98963
254.722548,150,2627.20363
182.090038,179,2628.72563
-361.460458,262,2630.97963
-296.245131,161,2632.379632
-43.850759,97,2633.21563
231.795294,170,2634.615325
253.185503,133,2635.706738
-59.486813,122,2636.740616
-102.322356,281,2639.082344
167.489144,190,2640.699711
-247.878295,174,2642.173711
-348.504131,155,2643.476711
78.111136,99,2644.296711
155.138876,190,2645.894711
-266.57184,129,2646.939712
217.081601,174,2648.365714
338.030887,208,2650.101712
425.169568,186,2651.653711
-20.50319,202,2653.305712
-444.349709,453,2657.016711
66.671214,155,2658.321712
255.048788,163,2659.821712
340.831595,159,2661.297711
-11.34574,130,2662.458711
500.714543,193,2664.195711
-329.395144,160,2665.727712
261.596188,164,2667.239711
34.01817,104,2668.126712
565.417679,259,2670.419712
-395.476549,161,2671.844712
-89.223543,93,2672.645711
342.192014,140,2673.887712
-244.765119,130,2675.055711
153.680537,164,2676.484713
315.751018,242,2678.608712
888.664469,207,2680.467712
1058.332136,206,2682.330712
304.547719,184,2684.044713
511.902566,193,2685.782712
-771.047375,427,2689.651711
-233.332877,142,2690.898712
265.413034,197,2692.665712
455.048205,242,2695.491713
135.027224,151,2696.806711
363.389392,190,2698.415711
157.18104,142,2699.602712
255.356081,217,2701.445711
38.824111,148,2702.68071
-846.616098,314,2705.305711
178.801556,112,2706.263711
206.734492,125,2707.307711
-241.026791,128,2708.376711
467.813679,202,2710.062712
453.388831,229,2711.991712
-191.03329,135,2713.143711
-304.300629,198,2714.867711
244.125836,146,2716.115711
175.395029,137,2717.272712
130.621217,160,2718.632711
290.571129,162,2720.049711
456.266859,247,2722.156756
421.706015,146,2723.418755
-70.246751,249,2725.529755
264.505415,216,2727.347755
901.448747,148,2728.602755
460.824758,156,2729.913757
137.302376,131,2731.029755
-297.929579,214,2732.865756
529.655911,188,2734.489755
198.606367,161,2735.880755
-123.619317,143,2737.119756
127.045006,158,2738.451756
-207.474183,110,2739.384756
837.723322,171,2740.814757
-602.444502,368,2743.964755
383.927813,165,2745.411757
32.049422,148,2746.663755
-455.100006,238,2748.701755
116.669427,180,2750.265755
66.316132,237,2752.314756
325.005173,396,2755.834755
421.19376,260,2758.110755
19.836061,127,2759.164756
476.084273,273,2761.432756
355.003533,146,2762.666759
94.198918,155,2763.966756
186.715349,157,2765.317756
42.660471,229,2767.362755
274.866384,135,2768.580755
856.52783,217,2770.451755
821.938415,140,2771.671756
202.716127,168,2773.097755
-509.631673,160,2774.508755
147.584194,174,2776.100755
-90.529251,132,2777.268755
-118.023658,210,2779.226755
1133.064133,228,2781.821756
-310.791392,118,2782.822755
272.171673,148,2784.090755
-470.61627,136,2785.239755
111.363764,154,2786.571756
652.041107,100,2787.432756
317.108843,170,2789.029756
-640.607248,275,2791.489756
659.490075,269,2793.868755
-462.957604,287,2796.530755
-306.371877,133,2797.739755
-174.863454,216,2799.754755
-534.286062,99,2800.637757
-50.077066,187,2802.078706
241.597258,206,2803.639706
751.118818,205,2805.201707
1000.486001,151,2806.347706
248.81676,156,2807.542707
168.922051,111,2808.390706
-18.492723,137,2809.424706
400.827904,166,2810.699705
443.641842,192,2812.127707
128.891391,114,2812.977706
222.181892,122,2813.890705
-169.43398,165,2815.120706
672.579472,216,2816.810707
-106.413955,262,2818.902705
-39.217005,398,2822.218706
285.06477,147,2823.356708
-18.213216,118,2824.273707
-1568.103225,454,2827.834707
-46.109922,119,2828.810706
933.372944,173,2830.219706
-427.502606,234,2832.115706
-380.697126,165,2833.455716
-141.858956,140,2834.556706
186.867115,159,2835.799706
1142.625527,256,2837.799802
350.830891,153,2839.017801
-92.124639,119,2840.0198
740.202081,140,2841.1868
-158.047108,95,2841.9608
-672.39579,339,2844.773803
-717.595864,229,2846.531802
-17.067626,110,2847.376801
1049.14128,194,2848.849801
-112.60407,177,2850.2038
339.665781,185,2851.633799
403.689469,193,2853.2068
3.509773,112,2854.102799
-32.544377,137,2855.170799
-1217.220827,166,2856.4408
-159.224637,206,2857.9888
-978.776716,234,2859.7688
-912.432104,316,2862.932368
975.19875,218,2864.711368
870.032852,139,2865.852367
79.068973,134,2866.923369
939.195927,217,2868.634369
-0.451298,255,2870.679368
699.451016,355,2873.517367
407.289146,207,2875.211878
414.677238,182,2876.683383
186.911365,125,2877.689384
1170.147391,280,2879.901988
148.591347,141,2881.000987
175.750836,133,2882.016987
782.601283,198,2883.563987
439.496184,264,2885.764987
2.889385,109,2886.667987
422.373319,251,2888.711989
128.314932,330,2891.294167
260.305247,136,2892.382166
-243.904915,158,2893.659168
89.994346,96,2894.466167
282.338499,212,2896.251168
297.662728,147,2897.497167
-990.993863,431,2901.114167
115.494382,97,2901.911167
297.4068,138,2903.055167
4.590217,111,2903.994167
240.401239,127,2905.092167
-15.679579,94,2905.887167
-298.246133,142,2907.111167
-114.099103,99,2907.940168
362.2473,155,2909.249167
257.263219,176,2910.725168
427.189711,241,2912.714167
476.292232,288,2915.109167
139.23738,137,2916.293167
-184.442243,135,2917.483167
157.986354,188,2919.148167
257.462859,123,2920.209167
-313.09633,188,2921.813457
-340.308914,279,2924.010353
-442.84821,199,2925.522205
-156.542337,142,2926.668207
318.19239,148,2927.851207
965.739688,163,2929.164207
-103.853097,135,2930.251206
-1.325869,221,2931.965206
255.115991,149,2933.084069
367.637896,211,2934.654069
-279.635004,150,2935.770898
-261.937164,200,2937.258843
173.065823,119,2938.170843
201.227811,149,2939.310842
285.728464,221,2940.976771
740.089913,218,2942.637711
516.236843,220,2946.149775
63.76494,307,2948.546783
-162.012163,156,2949.792783
229.448846,167,2951.127783
107.567336,99,2951.926785
180.925082,113,2952.822784
52.733488,145,2953.940845
209.39857,144,2955.014312
-16.337173,126,2955.964316
-335.206089,211,2957.547319
-19.770346,104,2958.327311
473.787848,200,2959.862312
449.024203,222,2961.598311
-136.755935,141,2962.683311
298.611208,150,2963.860311
-145.066131,192,2965.307311
-47.785432,136,2966.295312
-151.563303,499,2969.918314
-790.883717,389,2972.994127
-259.592953,120,2973.944126
-513.773447,203,2975.545126
562.965998,267,2977.564128
43.393389,175,2978.852126
-509.852284,159,2980.017127
-249.140092,133,2981.000126
-540.051136,213,2982.579126
162.944071,123,2983.482126
-66.689952,138,2984.568127
-674.997903,189,2986.054126
-52.688137,106,2986.893126
-242.17964,99,2987.656126
-708.863014,287,2989.821127
-214.510964,194,2991.281127
276.081147,156,2992.434126
443.884061,176,2993.820127
-136.593113,124,2994.823127
37.288946,152,2996.066126
-238.420128,172,2997.443126
63.215995,144,2998.601126
-27.096561,168,2999.887126
-107.330268,137,3000.919155
-378.862858,166,3002.155155
179.358083,230,3003.869156
111.710359,109,3004.69016
-400.086038,175,3006.025159
1707.37077,168,3007.308155
444.433004,218,3008.941157
69.225932,152,3010.101156
-287.755484,155,3011.243156
533.410776,216,3012.823156
170.322264,132,3013.797157
222.810141,223,3015.425156
232.502706,139,3016.510157
-928.151242,314,3019.011156
59.903929,118,3019.952155
-130.644742,189,3021.447156
39.543987,159,3023.166704
225.023487,129,3024.122706
235.613889,134,3025.138704
-368.442672,223,3026.814704
87.108547,102,3027.604708
-97.417624,105,3028.404704
62.323037,136,3029.445707
238.577631,127,3030.412708
200.29196,132,3031.418707
171.478987,173,3032.728704
512.61852,245,3034.563705
-148.033067,211,3036.149704
-559.299792,191,3037.578704
-376.85244,162,3038.853707
537.125609,371,3041.794705
-3.336079,269,3043.877704
-176.17724,158,3045.021716
337.772553,134,3045.991704
68.733551,136,3046.975707
-1021.745395,500,3050.573709
-51.382424,89,3051.232704
-132.101016,119,3052.121707
155.318244,102,3052.885704
-767.701143,277,3054.906705
396.908345,181,3056.197703
65.649536,109,3056.977705
367.510909,150,3058.061705
-6.337504,110,3058.844705
945.390046,314,3061.187707
-103.207686,136,3062.271703
622.395607,144,3063.407704
20.022114,104,3064.228703
209.626599,123,3065.206704
-303.849896,197,3066.717704
299.892058,216,3068.308705
6.386568,131,3069.272703
47.811893,149,3070.369704
130.422672,115,3071.220705
129.316786,190,3072.682706
-489.746907,201,3074.242703
-776.59695,299,3076.560712
-154.025708,169,3077.857703
652.389024,317,3080.228705
420.687238,207,3081.773705
13.845334,120,3082.644705
326.338902,157,3083.873707
1080.36017,239,3085.742704
47.963762,97,3086.509703
-346.039232,213,3088.196704
496.056136,208,3089.773705
-39.289557,94,3090.461704
24.434545,106,3091.235703
-233.745591,302,3093.492705
261.081809,169,3094.788797
-447.310612,142,3095.866797
282.901704,147,3096.978797
3.990351,279,3099.477797
-175.534044,111,3100.278797
87.891004,177,3101.553797
-22.430487,179,3102.8798
467.069375,190,3104.275797
-230.671844,80,3104.865797
223.843067,141,3105.971797
-267.204556,105,3106.814798
6.883492,83,3107.475799
387.783655,283,3109.733797
230.76603,136,3110.805796
245.83072,143,3111.892799
298.242002,246,3113.714804
57.318635,134,3114.705799
293.558002,143,3115.765797
-1342.543441,438,3119.097797
300.056027,291,3121.307797
-76.239235,139,3122.329798
183.432199,253,3124.140798
89.344298,120,3125.001798
90.147299,116,3125.827797
-198.687611,94,3126.498799
-141.95155,172,3127.727799
252.242649,190,3129.200798
850.529228,161,3130.444797
173.468021,119,3131.359797
946.147828,219,3133.051797
57.441502,104,3133.866798
-503.610661,106,3134.629796
413.891482,174,3135.892796
-271.467595,177,3137.188797
113.054177,150,3138.2838
53.936105,245,3140.103798
18.474783,94,3140.832797
524.499198,180,3142.203797
100.680033,142,3143.308796
-126.462741,101,3144.090797
794.869925,194,3145.563797
334.162396,130,3146.539797
-128.929489,109,3147.349797
181.884092,142,3148.400798
-167.061125,235,3150.174797
-228.100156,230,3152.022797
-88.212011,298,3154.394797
-307.938402,159,3155.662797
-1007.952357,244,3157.536797
-235.669465,156,3158.6888
348.89638,190,3160.096799
125.947664,143,3161.1508
266.93786,132,3162.160796
-277.843998,105,3162.954797
-828.049041,234,3164.7488
335.966234,156,3165.946797
-126.520649,107,3166.746798
-881.793698,315,3169.060798
-50.602387,127,3169.982798
-272.756765,117,3170.8338
352.237486,168,3172.039797
-134.615841,112,3172.847797
398.990641,169,3174.870797
-42.749786,126,3175.847797
344.697224,187,3177.312798
240.771166,182,3178.756797
-32.218369,88,3179.4038
35.869745,206,3180.942802
-289.574854,142,3182.021799
729.538243,137,3183.032796
-207.656415,126,3183.973797
19.987414,176,3185.332797
798.138262,123,3186.285797
-362.280991,167,3187.582803
203.312289,196,3189.101798
-400.697919,251,3191.028799
105.922019,133,3192.022798
-421.059016,133,3193.014796
55.907783,120,3193.937797
293.460957,107,3194.742799
105.687821,144,3195.875797
-797.763366,232,3197.749797
-228.798326,268,3199.931797
927.388812,196,3201.469799
-113.555232,118,3202.346797
-374.022872,156,3203.554797
396.318802,164,3204.787797
-443.57792,267,3206.820797
271.080531,162,3208.030797
290.07308,188,3209.459797
-24.74144,127,3210.421798
-422.197744,285,3212.555798
391.744772,151,3213.659799
794.783584,146,3214.744797
264.751108,150,3215.852805
-87.65748,175,3217.134797
145.80616,151,3218.323797
48.411903,89,3219.046797
75.688198,109,3219.941798
22.849263,107,3220.800798
389.020432,144,3221.953797
881.2642,184,3223.407798
45.979949,178,3224.753798
26.743762,142,3225.807821
825.759209,160,3226.984822
295.062746,135,3227.986821
32.05489,333,3230.544682
338.374093,167,3231.850093
262.880288,241,3233.746094
21.835473,145,3234.856095
-159.294916,121,3235.763093
-356.464359,169,3237.030093
449.294572,201,3238.563092
120.317387,227,3240.247096
235.031426,161,3241.495093
153.196131,274,3243.666095
296.590524,180,3245.070092
323.7543,200,3246.594093
491.332356,194,3248.011092
-225.407606,125,3248.927093
-149.55121,145,3249.984092
-351.865981,159,3251.860095
-302.088545,188,3253.285093
183.483863,131,3254.274092
99.453156,105,3255.077093
-302.526111,157,3256.244097
213.927674,167,3257.484124
-12.349395,92,3258.149123
-206.372549,132,3259.111124
101.335322,111,3259.953124
971.146541,207,3261.503124
683.857864,119,3262.394125
524.834645,338,3265.121126
92.440636,90,3265.829123
81.07211,113,3266.731126
266.667231,143,3267.871124
322.90198,190,3269.320135
-746.5989,341,3271.857455
117.065123,107,3272.652509
997.263665,299,3274.901624
-66.751409,143,3276.003654
-16.337334,101,3276.789396
487.600642,205,3278.372621
304.982145,207,3279.90363
322.783371,181,3281.209551
1666.757111,356,3283.760511
-126.178755,98,3284.464804
-175.144721,147,3285.548807
-461.800913,250,3287.466807
35.904397,102,3288.258804
-866.823631,345,3290.898803
327.660294,311,3293.145805
-508.74498,134,3294.114804
394.919702,220,3295.713804
-298.465714,104,3296.469803
-666.968895,237,3298.281804
1744.741269,151,3299.443803
847.510853,155,3300.634806
415.27517,191,3302.089804
349.133334,143,3303.152804
452.191563,500,3306.874804
196.777151,122,3307.819806
-207.174772,193,3309.366807
487.440188,214,3311.079804
-9.518039,139,3312.149875
-314.577988,117,3313.070875
270.420925,124,3314.020872
-83.484155,80,3314.611873
1192.027527,336,3317.101872
1078.60927,210,3318.631872
44.160321,192,3320.068872
-84.928613,164,3321.300873
120.069251,102,3322.058971
63.800424,163,3323.269971
-180.463717,168,3324.519974
208.943853,162,3325.693972
356.775614,192,3327.523972
859.090675,154,3328.636973
169.470656,147,3329.674971
110.595032,105,3330.500973
119.081394,131,3331.536973
136.55257,113,3332.418973
-51.371106,128,3333.432971
412.15366,181,3334.862973
-21.40947,185,3336.26397
372.706001,160,3337.441972
1025.478368,216,3339.045971
242.690145,154,3340.19497
53.323098,138,3341.21897
168.616786,126,3342.185973
21.316046,118,3343.083971
289.035119,150,3344.23297
260.960132,118,3345.134973
162.432326,101,3345.909978
256.311542,161,3347.140971
323.191851,186,3348.530974
129.585342,110,3349.351972
75.763775,115,3350.210971
50.12729,169,3351.47897
159.151279,116,3352.34597
815.757469,127,3353.319972
-1462.359692,474,3357.006971
876.968544,201,3358.541974
107.608546,137,3359.55397
720.512792,119,3360.41997
616.268825,323,3362.764971
67.257516,144,3363.81397
232.878798,110,3364.62197
-77.595716,164,3365.82897
-36.282976,106,3366.62397
91.519042,109,3367.411972
-467.795259,204,3368.88497
198.008512,175,3370.16097
109.185325,141,3371.17797
252.706551,147,3372.233971
433.087908,183,3373.54397
281.391101,173,3374.837972
597.783698,239,3376.748973
153.164624,125,3377.756974
62.428265,102,3378.575973
36.964732,140,3379.69997
443.642887,271,3381.828971
537.962416,241,3383.61197
398.060955,199,3385.083262
-240.410853,197,3386.536262
-249.428821,212,3388.184261
320.721926,139,3389.270262
390.997326,203,3390.853262
358.21792,183,3392.274261
796.028254,228,3393.975265
66.321222,96,3394.666265
-34.309426,154,3395.782265
156.31058,106,3396.551264
-445.929531,324,3398.993261
8.630503,149,3400.169261
-1399.307466,287,3402.448262
310.807983,147,3404.066264
150.407388,124,3404.972262
256.923279,126,3405.890262
209.105104,207,3407.408263
137.458314,132,3408.370262
179.372911,138,3409.384261
-88.202548,118,3410.274261
-344.821383,208,3411.835261
34.359642,99,3412.600261
110.880634,157,3413.811262
131.834788,168,3415.128266
187.818279,159,3416.327265
252.24175,122,3417.235261
4.899024,95,3417.950266
262.446292,158,3419.133265
-174.73732,151,3420.269264
1967.225353,265,3422.357261
-585.628966,185,3423.815261
973.98172,220,3425.563263
186.310397,191,3427.054265
265.783395,168,3428.309904
-585.560946,199,3429.798903
121.779207,140,3430.839904
247.077723,175,3432.137902
-605.835943,174,3433.447903
-457.624174,238,3435.195907
-227.629001,90,3435.853903
140.447602,109,3436.652903
498.529544,203,3438.149904
137.280786,189,3439.509905
725.693744,233,3441.186903
290.996641,224,3442.793904
248.459751,145,3443.888418
975.310172,207,3445.502418
220.692719,233,3447.32642
213.650516,169,3448.635419
759.622957,147,3449.759418
-433.865176,148,3450.836417
331.232477,198,3452.292421
114.026709,119,3453.175419
317.13059,169,3454.427417
-791.914911,233,3456.217418
828.89625,150,3457.377419
-293.456509,184,3458.801419
88.403228,95,3459.534418
239.787352,137,3460.598419
158.149192,110,3461.419418
-69.953306,179,3462.750419
194.02121,192,3464.181417
316.557942,182,3465.545417
259.343701,147,3466.687418
905.030494,179,3468.100418
-120.182176,103,3468.930418
-374.786352,203,3470.563419
435.174095,212,3472.250417
262.923761,143,3473.30342
361.981449,171,3474.55142
550.71595,253,3476.402418
223.022036,133,3477.382417
111.595816,123,3478.299418
269.279618,173,3480.293418
13.577522,111,3481.135418
5.692574,102,3481.898418
66.826667,140,3482.946419
193.2517,140,3483.955423
-7.167057,123,3484.846418
-178.408738,276,3486.84542
321.459584,131,3487.785421
341.603483,198,3489.278418
253.135543,174,3490.673418
-222.953447,126,3491.674418
171.734361,119,3492.613419
1030.283121,203,3494.220418
-118.899748,113,3495.074418
333.496344,152,3496.202418
-216.12997,155,3497.35842
119.409344,136,3498.370419
190.448012,142,3499.428432
39.234284,82,3500.040418
398.402883,183,3501.441418
-45.214167,118,3502.349418
375.310797,199,3503.871418
780.449265,254,3505.820423
347.314102,157,3507.001418
-54.140493,137,3508.033418
291.161822,192,3509.477418
-768.322209,258,3511.351421
275.031897,172,3512.674418
639.722298,214,3514.315447
454.403964,217,3515.962446
146.146208,193,3517.441446
-272.333937,285,3519.501446
166.185271,174,3520.761448
-2983.772006,500,3524.398447
118.48902,152,3525.502446
243.240408,135,3526.475446
-13.287807,174,3527.743446
-456.804236,212,3529.317446
459.582927,279,3531.391446
262.704515,295,3533.588446
35.694771,91,3534.308322
-41.385007,277,3536.537321
182.861265,131,3537.588322
486.044303,260,3539.685323
249.46573,258,3541.622321
352.784272,202,3543.105322
160.29754,143,3544.155323
400.454327,254,3546.066321
406.446375,190,3547.537322
267.141493,160,3548.750321
1006.507119,230,3550.488322
790.160746,173,3551.771322
384.567341,183,3553.087322
351.551549,170,3554.316323
293.994757,233,3556.565034
147.801066,212,3558.270034
-171.972729,475,3562.073033
-131.400272,292,3564.245035
-689.62774,293,3566.384036
-519.284247,249,3568.218033
-29.362431,222,3569.909033
-182.669928,192,3571.378033
-14.02992,130,3572.356035
540.314494,191,3573.815033
-208.011165,125,3574.751034
-582.978998,261,3576.699034
90.183286,188,3578.100034
316.051478,143,3579.173035
571.869217,231,3581.005034
-148.675593,122,3581.972034
270.932276,241,3583.884034
134.499433,128,3584.894033
-221.123574,142,3585.988036
171.620518,155,3587.133034
1119.673675,176,3588.419035
1126.988839,292,3590.540035
-246.819098,162,3591.718034
1132.915357,234,3593.461034
974.725015,155,3594.584034
240.300627,331,3596.990034
193.056778,403,3599.888034
217.238897,117,3600.719036
-201.935007,155,3601.836034
371.412135,167,3603.131034
1023.594524,244,3605.040037
236.215119,175,3606.448034
817.205456,140,3607.567034
245.464344,117,3608.477034
284.564253,167,3609.703034
-295.781302,228,3611.393037
324.474522,166,3612.622033
119.971735,127,3613.567033
-97.836391,141,3614.653033
-58.990062,104,3615.466034
338.964906,155,3616.679034
389.563408,227,3618.431034
915.481077,201,3619.975822
743.401197,158,3621.152822
576.850005,234,3622.900147
272.59447,124,3623.829152
403.626959,168,3625.110147
208.720258,175,3626.506147
500.518674,194,3628.052147
310.912668,134,3629.120148
298.90785,137,3630.204146
326.125764,110,3631.586147
695.00413,273,3633.58115
322.633151,158,3634.739149
443.922799,200,3636.206148
21.914524,89,3636.888281
203.698379,167,3638.177154
4.80841,85,3638.820153
309.672161,130,3639.818153
989.322294,215,3641.477776
330.420176,148,3642.571776
400.553355,171,3643.810779
295.300784,180,3645.146779
346.721243,144,3646.234777
158.730612,136,3647.260776
290.391879,146,3648.414777
632.935865,188,3649.920776
-434.994872,150,3651.122776
146.765201,147,3652.306776
98.341091,99,3653.102775
238.896251,110,3653.976776
780.207105,333,3656.475956
-710.297048,330,3658.953758
229.294131,171,3660.263761
403.453075,206,3661.842763
255.779639,131,3662.857761
-237.034429,116,3663.754762
408.82535,280,3665.840759
-83.982717,157,3666.976758
527.140137,222,3668.58176
223.336143,125,3669.480757
370.195835,170,3670.726774
-176.843835,167,3672.021762
132.161501,174,3673.375758
32.075072,112,3674.265758
201.827158,151,3675.440758
183.858092,128,3676.444758
459.643601,171,3677.698759
848.280429,160,3678.867759
-50.828479,80,3679.4526
246.982736,132,3680.426602
273.752845,123,3681.3246
477.645304,198,3682.787601
224.512643,223,3684.521601
850.899901,156,3685.734601
862.308468,147,3686.870601
29.119516,158,3688.090611
49.436144,121,3689.004601
424.818656,192,3690.451601
-3.084979,92,3691.142601
-2565.635976,500,3695.033604
27.731022,93,3695.788604
177.460245,105,3696.634601
-76.906953,142,3697.779603
338.335055,168,3699.137602
361.520316,185,3700.531602
217.254685,192,3701.964601
186.850091,198,3703.422601
761.340048,154,3704.555601
-19.146138,148,3705.682604
1053.726219,225,3707.406602
781.529619,224,3709.708603
224.240586,212,3711.272602
671.422887,262,3713.180601
-253.229119,196,3714.605602
981.77601,200,3716.107605
262.690772,144,3717.234601
1842.755849,259,3719.313604
255.009421,134,3720.385604
1367.228626,344,3723.025602
14.906471,104,3723.801601
179.473724,150,3724.925602
246.773325,124,3725.855601
306.320003,210,3727.439603
961.062903,160,3728.675602
348.771634,186,3730.109601
826.18607,256,3732.068601
472.868203,117,3732.962602
492.591152,269,3734.994601
312.324981,173,3736.293601
909.428575,198,3737.8016
364.32666,165,3739.070604
327.841526,172,3740.449604
1178.648416,290,3742.726602
895.30629,158,3743.958601
859.99815,218,3745.5976
406.687511,181,3746.921601
242.449957,168,3748.155602
-289.020423,173,3749.420607
50.713101,91,3750.091601
209.545054,177,3751.407601
460.474667,171,3752.687602
43.260504,103,3753.441601
33.852246,111,3754.252602
362.843416,129,3755.198601
308.944636,135,3756.176601
-267.070703,203,3757.641601
281.229195,123,3758.529601
1043.783908,200,3760.002601
334.698174,180,3761.394604
-251.321982,302,3763.843601
-382.045007,208,3765.525601
289.841643,152,3766.769603
78.795787,162,3767.994601
498.651094,209,3769.551601
64.074191,122,3770.457601
234.428113,132,3771.442601
434.18401,161,3772.650604
-435.211802,242,3774.537601
536.351897,237,3776.389601
-357.555457,156,3777.590605
191.938668,122,3778.549601
12.870168,146,3779.641602
721.622908,125,3780.552601
851.137942,172,3781.804602
47.941717,118,3782.658601
205.832932,190,3784.864601
-372.821205,264,3786.975603
1558.153899,377,3789.960602
-129.989944,137,3790.9706
1056.499134,270,3792.954605
-180.458377,364,3795.648601
133.29719,141,3796.719601
182.349533,149,3797.829608
-336.495845,270,3799.889601
655.769905,240,3801.730729
864.852072,151,3802.872742
-2606.628278,500,3806.666744
84.194645,139,3807.782745
398.84057,159,3809.048742
375.603378,161,3810.351742
797.330101,127,3811.360744
-117.532508,199,3812.909741
928.597321,142,3813.957776
272.405211,140,3815.003776
384.918341,155,3816.164776
319.17548,142,3817.226776
353.071814,179,3818.577775
460.475129,198,3820.032776
662.008771,187,3821.404776
495.398095,149,3822.508776
258.466134,130,3823.489776
3.450325,161,3824.655776
656.254688,116,3825.485776
-28.716781,163,3826.665777
268.991765,185,3828.000776
304.363501,146,3829.067777
971.0112,203,3830.674778
54.597377,112,3831.545776
667.285509,170,3832.874776
74.418636,98,3833.657776
183.019925,111,3834.531776
230.36459,188,3835.930776
816.982002,135,3836.914776
391.283288,177,3838.223776
43.265286,126,3839.158776
-325.03701,178,3840.490838
452.186346,185,3841.935935
1925.053422,252,3843.911643
123.029594,164,3845.186738
641.642419,123,3846.146737
64.125846,166,3847.388738
208.925709,142,3848.450737
62.470678,240,3850.258737
972.82191,500,3854.174737
-862.139651,327,3856.810737
1242.334344,340,3859.402737
601.594269,369,3864.098737
218.297149,165,3865.351737
1082.871775,221,3867.037737
330.705564,180,3868.399737
107.061907,116,3869.240737
29.21561,119,3870.103738
210.976906,165,3871.297737
762.854102,500,3875.046738
359.208491,142,3876.186737
445.466983,172,3877.548737
715.181717,153,3878.781737
259.018169,142,3879.915737
409.406642,181,3881.273739
370.238814,166,3882.509975
900.041038,201,3884.020975
486.547849,247,3885.880977
283.565362,120,3886.806975
-340.32095,214,3888.455978
1073.940753,224,3890.139974
90.821788,218,3891.789974
1851.607084,190,3893.213974
76.747803,113,3894.060975
287.265811,162,3895.278975
356.380621,194,3896.733975
315.85586,160,3897.995977
338.035902,207,3899.617977
39.983455,92,3900.337977
202.559533,121,3901.281975
-449.727709,143,3902.391976
-142.548061,173,3903.676975
-194.593132,136,3904.668976
-504.093589,163,3905.864974
196.995376,181,3907.187975
331.544942,183,3908.536975
477.213961,186,3909.916977
358.853499,178,3911.231975
381.143561,158,3912.402974
69.822164,110,3913.215975
1284.061088,255,3915.078974
221.71557,129,3916.018974
203.595952,121,3916.926975
113.015413,106,3917.724975
364.508241,170,3919.007975
307.222202,158,3920.286977
335.394875,147,3921.478979
183.931364,157,3922.732985
-94.088233,130,3923.787023
213.932475,115,3924.714622
428.783407,390,3927.669565
-52.364238,137,3928.687883
-235.212094,119,3929.572879
668.894627,187,3930.985879
-42.846487,188,3932.46888
91.062957,190,3933.949881
55.299389,102,3934.74688
437.457618,165,3936.008881
446.402835,160,3937.18288
238.258674,146,3938.236884
-187.414531,117,3939.869884
264.807518,159,3941.024879
258.247375,126,3941.950879
-348.724223,249,3943.93388
-116.497492,500,3947.929879
197.362164,130,3948.889879
508.491239,231,3950.587879
281.065023,187,3951.95788
137.115349,119,3952.832879
-293.116078,198,3954.33488
333.858897,170,3955.634767
559.635763,226,3957.377766
285.754935,160,3958.608763
1005.51728,200,3960.13287
-246.138372,89,3960.811843
121.525518,127,3961.771804
523.39357,226,3963.47165
118.755746,120,3964.377777
58.754021,158,3965.627585
398.722672,184,3967.098719
337.258591,170,3968.456694
270.7854,162,3969.754643
1237.913338,416,3972.937169
1057.495469,173,3974.227168
261.408993,131,3975.203168
265.090455,127,3976.128168
386.656011,152,3977.262168
231.928419,150,3978.368168
1694.872293,286,3980.492167
11.56594,216,3982.084168
455.47166,143,3983.116168
369.577732,186,3984.458168
-568.211731,250,3986.254168
314.858282,162,3987.443171
1131.177405,232,3989.257171
333.65838,163,3990.570168
-215.170233,115,3991.460168
315.297926,173,3992.774171
226.773002,132,3993.773707
87.288726,106,3994.560707
1074.40498,170,3995.822708
425.585621,196,3997.270707
-167.824351,154,3998.413707
260.143807,169,3999.728706
806.871969,208,4001.355707
325.546509,154,4002.553706
-24.989481,183,4003.975707
137.626475,174,4005.293707
-215.670618,222,4006.960708
-100.544722,150,4008.075706
1228.907172,296,4010.322846
-32.776719,144,4011.486849
261.715032,150,4012.695847
459.557854,203,4014.327849
891.366493,156,4015.56485
936.621341,198,4017.567847
870.205164,138,4018.588847
-130.784648,228,4020.258849
261.246661,395,4023.225847
129.186432,160,4024.456847
135.405914,128,4025.421847
753.330313,165,4026.676847
685.244241,239,4028.434847
804.655998,186,4029.787846
416.334851,162,4030.959847
217.245884,146,4032.022846
160.397904,229,4033.81485
480.684344,204,4035.429849
259.528714,182,4036.883849
309.93134,144,4038.034847
291.376872,193,4039.507847
909.098222,142,4040.571847
129.575801,124,4041.499852
581.320011,167,4042.743846
392.788441,158,4043.933847
-203.919772,115,4044.812847
-556.624572,206,4046.380846
362.18478,210,4047.981847
-87.369239,301,4050.270849
799.132983,163,4051.495848
458.839262,186,4052.862846
588.746441,228,4054.504847
760.110038,148,4055.591848
967.628817,163,4056.84585
382.505461,181,4058.240849
289.912411,195,4059.748847
149.90173,144,4060.877847
92.824854,126,4061.824853
11.408183,144,4062.880847
484.705698,165,4064.089847
401.539152,170,4065.327847
449.622274,220,4066.945849
245.305032,166,4068.165847
962.172911,198,4069.628849
660.205212,306,4071.981847
545.384966,246,4073.827847
833.786855,182,4075.197848
226.942445,160,4076.397847
93.829887,223,4078.097846
417.857355,234,4079.97685
1697.195047,333,4082.658848
269.535503,167,4083.991229
700.294477,158,4085.172231
787.121092,162,4086.381228
42.152746,94,4087.07623
334.765266,206,4088.616229
301.829033,171,4089.921229
372.592025,164,4091.159232
741.562049,95,4091.875229
